taxon,specimen,ITS,psbA_trnH,psbJ_petA,rbcL,trnL_trnF,ycf1,trnT_trnL,ncpGS,trnS_trnG
Ackama_rosifolia,UnknownN,DQ499074,NA,NA,NA,NA,NA,NA,NA,NA
Acrophyllum_australe,UnknownN,NA,NA,NA,AF291926,AF299221,NA,NA,NA,NA
Anodopetalum_biglandulosum,UnknownN,NA,NA,NA,AF291932,AF299228,NA,NA,NA,NA
Bauera_capitata,600400468,NA,ON594432,NA,ON594147,NA,NA,NA,NA,NA
Caldcluvia_paniculosa,UnknownN,DQ499068,NA,NA,NA,NA,NA,NA,NA,NA
Callicoma_serratifolia,CUN120,PQ778287,NA,NA,NA,NA,NA,NA,NA,NA
Ceratopetalum_apetalum,UnknownN,DQ499070,NA,NA,NA,NA,NA,NA,NA,NA
Codia_albicans,CUN121,NA,NA,NA,NA,PQ879016,NA,NA,NA,NA
Cunonia_balansae,CUN069,PQ778246,NA,NA,NA,PQ878973,NA,NA,NA,NA
Davidsonia_pruriens,Carlsen3197,OL536442,NA,NA,OL536852,NA,NA,NA,NA,NA
Eucryphia_cordifolia,CONC125000,OK052514,NA,NA,NA,NA,NA,NA,NA,NA
Geissois_pruinosa,CUN159,NA,NA,NA,NA,PQ879045,NA,NA,NA,NA
Gillbeea_adenopetala,UnknownN,NA,NA,NA,AF291927,AF299222,NA,NA,NA,NA
Hooglandia_ignambiensis,UnknownN,NA,NA,NA,ON594147,AY549640,NA,NA,NA,NA
Karrabina_biagiana,UnknownN,NA,NA,NA,NA,KF594404,NA,NA,NA,NA
Lamononia_ternata,Blum10-127,KF420994,NA,NA,NA,NA,NA,NA,NA,NA
Opocunonia_papuana,UnknownN,DQ499069,NA,NA,NA,NA,NA,NA,NA,NA
Pancheria_hirsuta,CUN132,PQ778260,NA,NA,NA,PQ878988,NA,NA,NA,NA
Platylophus_trifoliatus,UnknownN,NA,NA,NA,AF291933,AF299230,NA,NA,NA,NA
Pullea_stutzeri,WellsJ164-Pst,NA,NA,NA,NA,KC428593,NA,NA,NA,NA
Pseudoweinmannia_lanchnocarpa,UnknownN,NA,NA,NA,AF291925,AF299220,NA,NA,NA,NA
Schizomeria_ovata,UnknownN,NA,NA,NA,NA,AF299231,NA,NA,NA,NA
Spiraeanthemum_ellipticum,UnknownN,NA,NA,NA,AF291935,AF299232,NA,NA,NA,NA
Spiraeopsis_celebica,UnknownN,AF485641,NA,NA,AF291923,AF299217,NA,NA,NA,NA
Vesselowskya_rubifolia,CUN136,PQ778296,NA,NA,NA,PQ879030,NA,NA,NA,NA
Weinmannia_reticulata,CUN111,PQ778279,NA,NA,NA,PQ879007,NA,NA,NA,NA
Aceratium_ferrugineum,Harrington296,DQ448685,NA,NA,NA,DQ444681,NA,NA,NA,NA
Aristotelia_fruticosa,Chase781,DQ448662,NA,NA,NA,DQ444662,NA,NA,NA,NA
Crinodendron_patagua,AllenNSW605484,DQ448674,NA,NA,NA,DQ444666,NA,NA,NA,NA
Dubouzetia_campanulata,Crayn745,KJ675676,NA,NA,NA,DQ444667,NA,NA,NA,NA
Elaeocarpus_angustifolius,J315,KR532042,KR532886,NA,KR529191,NA,NA,NA,NA,NA
Peripentadenia_phelpsii,Crayn887,DQ448678,NA,NA,NA,DQ444671,NA,NA,NA,NA
Platytheca_galioides,Crayn701,EF095731,NA,NA,NA,NA,NA,NA,NA,NA
Sericolea_micans,Crayn536,KJ675672,NA,NA,NA,DQ444673,NA,NA,NA,NA
Sloanaea_syandra,UnknownN,OK052512,NA,NA,NA,NA,NA,NA,NA,NA
Tetratheca_hirsuta,Butcher915,EF095732,NA,NA,NA,EF095742,NA,NA,NA,NA
Tremandra_diffusa,Butcher961,DQ448672,NA,NA,NA,DQ444701,NA,NA,NA,NA
Vallea_stipularis,Chase654,DQ448665,NA,NA,NA,DQ444664,NA,NA,NA,NA
Brunellia_tomentosa,Orozco4123,OK052555,NA,NA,NA,NA,NA,NA,NA,NA
Brunellia_colombiana,Orozco4081,OK052538,NA,NA,NA,NA,NA,NA,NA,NA
Cephalotus_follicularis,UnknownN,NA,NA,NA,NA,AF299246,NA,NA,NA,NA
Agelaea_borneensis,AS166,NA,NA,NA,KU853162,KU853218,NA,NA,NA,NA
Cnestis_polyphylla,Abbott9113,NA,NA,NA,JX572418,NA,NA,NA,NA,NA
Cnestidium_rufescens,DB0784,NA,MZ478332,NA,KJ594182,NA,NA,NA,NA,NA
Connarus_championii,Samuel3126,AY935892,NA,NA,NA,AY935783,NA,NA,NA,NA
Ellipanthus_glabrifolius,CPG00356,NA,NA,NA,KX527037,NA,NA,NA,NA,NA
Jollydora_glandulosa,Mambo5146,NA,NA,NA,KC628392,NA,NA,NA,NA,NA
Rourea_orientalis,Gostel1746,OL537284,OK631992,NA,NA,NA,NA,NA,NA,NA
Averrhoa_bilimbi,AVBIL,EU436862,NA,NA,NA,AJ582291,NA,NA,NA,EU437151
Averrhoa_carambola,AVCAR,EU436863,NA,NA,NA,EU437032,NA,NA,NA,EU437152
Biophytum_abyssinicum,BIOAB,EU436864,NA,NA,NA,AJ582292,NA,NA,NA,EU437153
Biophytum_sensitivum,Carlsen3550,OL536383,OL312396,NA,OL536778,NA,NA,NA,NA,NA
Dapania_pentandra,DAPEN,EU436861,NA,NA,NA,EU437031,NA,NA,NA,EU437150
Sarcotheca_laxa,SARLAX,EU436859,NA,NA,NA,NA,NA,NA,NA,EU437148
Sarcotheca_monophylla,SARMON,EU436860,NA,NA,NA,EU437030,NA,NA,NA,EU437149
Oxalis_adenophylla,LZ160,1,NA,NA,NA,1,NA,NA,NA,NA
Oxalis_alstonii,Fiaschi5363,1,NA,1,NA,1,NA,NA,NA,NA
Oxalis_alvimii,Fiaschi4597,1,NA,NA,NA,NA,NA,NA,NA,NA
Oxalis_animarum,Cabral275,1,NA,1,NA,1,NA,NA,NA,NA
Oxalis_argentina,FOZ12028,1,NA,NA,NA,1,NA,NA,NA,NA
Oxalis_artemioides,Sartor81,1,NA,1,NA,NA,NA,NA,NA,NA
Oxalis_articulata,MM4524,1,NA,NA,NA,1,NA,NA,NA,NA
Oxalis_barrelieri,Fiaschi4654,1,NA,NA,NA,NA,NA,NA,NA,NA
Oxalis_brasiliensis,FOZ11401,1,NA,NA,NA,1,NA,NA,NA,NA
Oxalis_caesariata,Radavelli62,1,NA,1,NA,1,NA,NA,NA,NA
Oxalis_caesariata,Fiaschi5273,1,NA,1,NA,1,NA,NA,NA,NA
Oxalis_cauliflora,Vasques78,1,NA,1,NA,1,NA,NA,NA,NA
Oxalis_cerradoana,Cabral259,1,NA,1,NA,1,NA,NA,NA,NA
Oxalis_cf_alstonii,Cabral273,1,NA,1,NA,1,NA,NA,NA,NA
Oxalis_cf_cerradoana,Cabral251,1,NA,1,NA,1,NA,NA,NA,NA
Oxalis_cf_neuwiedii,Rhoden8,1,NA,1,NA,1,NA,NA,NA,NA
Oxalis_cf_roselata,Rhoden16,1,NA,1,NA,1,NA,NA,NA,NA
Oxalis_cipoensis,Costa110,1,NA,1,NA,1,NA,NA,NA,NA
Oxalis_colatinensis,Fiaschi4625,1,NA,NA,NA,NA,NA,NA,NA,NA
Oxalis_colatinensis,Fiaschi4631,1,NA,NA,NA,NA,NA,NA,NA,NA
Oxalis_conorrhiza,MM4518,1,NA,NA,NA,NA,NA,NA,NA,NA
Oxalis_conorrhiza,FOZ12216,NA,NA,NA,NA,1,NA,NA,NA,NA
Oxalis_corniculata,FOZ13216,1,NA,NA,NA,1,NA,NA,NA,NA
Oxalis_decipiens,Vasques57,1,NA,1,NA,1,NA,NA,NA,NA
Oxalis_desmodioides,Cabral194,1,NA,1,NA,1,NA,NA,NA,NA
Oxalis_dombey,Cornejo10089,1,NA,1,NA,1,NA,NA,NA,NA
Oxalis_dombey,Cornejo10158,1,NA,1,NA,1,NA,NA,NA,NA
Oxalis_enneaphylla,LZ231,1,NA,NA,NA,1,NA,NA,NA,NA
Oxalis_eriocarpa,OM6313,1,NA,NA,NA,1,NA,NA,NA,NA
Oxalis_erytrorrhiza,FOZ12781,1,NA,NA,NA,NA,NA,NA,NA,NA
Oxalis_famatinae,FOZ11970,1,NA,NA,NA,1,NA,NA,NA,NA
Oxalis_floribunda,OM6243,1,NA,NA,NA,1,NA,NA,NA,NA
Oxalis_frutescens,FOZ11549,NA,NA,NA,NA,1,NA,NA,NA,NA
Oxalis_fruticosa,Fiaschi4658,1,NA,NA,NA,NA,NA,NA,NA,NA
Oxalis_gardneriana,Scatigna1336,1,NA,1,NA,1,NA,NA,NA,NA
Oxalis_gracilifolia,Cabral193,1,NA,1,NA,1,NA,NA,NA,NA
Oxalis_grisea,Simon2781,1,NA,1,NA,1,NA,NA,NA,NA
Oxalis_hedysaroides,Cogollo2943,NA,NA,1,NA,1,NA,NA,NA,NA
Oxalis_hedysaroides,Cornejo10079,1,NA,1,NA,1,NA,NA,NA,NA
Oxalis_hispidula,Giussani422,1,NA,NA,NA,NA,NA,NA,NA,NA
Oxalis_jasminifolia,Pennington12342,1,NA,NA,NA,NA,NA,NA,NA,NA
Oxalis_jasminifolia,Cornejo9331,1,NA,1,NA,1,NA,NA,NA,NA
Oxalis_kollmannii,Manhaes176,1,NA,NA,NA,NA,NA,NA,NA,NA
Oxalis_laxa_var_hispidula,FOZ12608,1,NA,NA,NA,NA,NA,NA,NA,NA
Oxalis_laxa_var_hispidula,FOZ12555,1,NA,NA,NA,1,NA,NA,NA,NA
Oxalis_lomana,Gaspar46,1,NA,NA,1,NA,1,NA,NA,NA
Oxalis_lomana,Gaspar2,1,1,NA,1,NA,1,NA,NA,NA
Oxalis_lomana,Gaspar55,1,1,NA,1,NA,1,NA,NA,NA
Oxalis_lutzii,Fiaschi5596,1,NA,1,NA,NA,NA,NA,NA,NA
Oxalis_megalorrhiza,Gaspar173,1,1,NA,1,NA,1,NA,NA,NA
Oxalis_micrantha,FOZ12313,NA,NA,NA,NA,1,NA,NA,NA,NA
Oxalis_micrantha,FOZ12428,1,NA,NA,NA,1,NA,NA,NA,NA
Oxalis_micrantha,FOZ12338,NA,NA,NA,NA,1,NA,NA,NA,NA
Oxalis_microcarpa,Cornejo9341,1,NA,1,NA,NA,NA,NA,NA,NA
Oxalis_monochasiata,Fiaschi4585,1,NA,NA,NA,NA,NA,NA,NA,NA
Oxalis_morronei,LZ204,1,NA,NA,NA,1,NA,NA,NA,NA
Oxalis_muscoides,FOZ12256,NA,NA,NA,NA,1,NA,NA,NA,NA
Oxalis_neuwiedii_subsp_neuwiedii,Santos749,1,NA,NA,NA,NA,NA,NA,NA,NA
Oxalis_neuwiedii_subsp_neuwiedii,Perdiz174,1,NA,NA,NA,NA,NA,NA,NA,NA
Oxalis_niederleinii,OM6328,1,NA,NA,NA,1,NA,NA,NA,NA
Oxalis_pachyrrhiza,FOZ11802,NA,NA,NA,NA,1,NA,NA,NA,NA
Oxalis_pardoensis,Caxambu5990,1,NA,1,NA,1,NA,NA,NA,NA
Oxalis_pataxorum,Cabral196,1,NA,1,NA,1,NA,NA,NA,NA
Oxalis_perdicaria,Giussani423,1,NA,NA,NA,1,NA,NA,NA,NA
Oxalis_pickeringii,Gaspar175,1,NA,1,1,1,1,NA,NA,NA
Oxalis_pilulifera,Sartor48,NA,NA,1,NA,NA,NA,NA,NA,NA
Oxalis_polymorpha_subsp_polymorpha,Fiaschi4618,1,NA,NA,NA,NA,NA,NA,NA,NA
Oxalis_polymorpha_subsp_tijucana,Fiaschi44722,1,NA,NA,NA,NA,NA,NA,NA,NA
Oxalis_puberula,Rhoden7,1,NA,1,NA,1,NA,NA,NA,NA
Oxalis_pycnophylla,FOZ11747,1,NA,NA,NA,1,NA,NA,NA,NA
Oxalis_pyrenea_var_macrochaeta,Radavelli67,NA,NA,1,NA,1,NA,NA,NA,NA
Oxalis_pyrenea_var_pyrenea,Sartor65,1,NA,1,NA,1,NA,NA,NA,NA
Oxalis_rhombeo-ovata,Fiaschi4464,1,NA,NA,NA,NA,NA,NA,NA,NA
Oxalis_sellowiana_forma_sellowiana,Giussani421,1,NA,NA,NA,1,NA,NA,NA,NA
Oxalis_sepium,Radavelli76,NA,NA,1,NA,1,NA,NA,NA,NA
Oxalis_sp_Lopez_unpub1,OM6349,1,NA,NA,NA,NA,NA,NA,NA,NA
Oxalis_sp_Lopez_unpub2,FOZ12049,1,NA,NA,NA,1,NA,NA,NA,NA
Oxalis_spiralis,FOZ11469,1,NA,NA,NA,NA,NA,NA,NA,NA
Oxalis_spiralis,FOZ11633,1,NA,NA,NA,1,NA,NA,NA,NA
Oxalis_squamata,FOZ12520,1,NA,NA,NA,1,NA,NA,NA,NA
Oxalis_tijucana,Vasques85,1,NA,1,NA,1,NA,NA,NA,NA
Oxalis_umbraticola,Nery91,NA,NA,1,NA,1,NA,NA,NA,NA
Oxalis_valdiviensis,LZ81,1,NA,NA,NA,1,NA,NA,NA,NA
Oxalis_valdiviensis,LZ128,1,NA,NA,NA,1,NA,NA,NA,NA
Oxalis_veadeirosensis,Fiaschi5330,1,NA,1,NA,1,NA,NA,NA,NA
Oxalis_veadeirosensis,Sartor52,NA,NA,1,NA,NA,NA,NA,NA,NA
Oxalis_acetosella,Aoki65,LC206092,NA,LC206199,NA,LC206413,NA,LC206306,NA,NA
Oxalis_acetosella,Aoki67,LC206094,NA,LC206201,NA,LC206415,NA,LC206308,NA,NA
Oxalis_acetosella,Aoki69,LC206096,NA,LC206203,NA,LC206417,NA,LC206310,NA,NA
Oxalis_acetosella,Aoki70,LC206098,NA,LC206205,NA,LC206419,NA,LC206312,NA,NA
Oxalis_acetosella,Aoki172,LC206019,NA,LC206127,NA,LC206341,NA,LC206234,NA,NA
Oxalis_acetosella,Aoki198,LC206022,NA,LC206130,NA,LC206344,NA,LC206237,NA,NA
Oxalis_acetosella,Aoki204,LC206023,NA,LC206131,NA,LC206345,NA,LC206238,NA,NA
Oxalis_acetosella,Aoki210,LC206024,NA,LC206132,NA,LC206346,NA,LC206239,NA,NA
Oxalis_acetosella,Aoki222,LC206026,NA,LC206134,NA,LC206348,NA,LC206241,NA,NA
Oxalis_acetosella,Aoki226,LC206027,NA,LC206135,NA,LC206349,NA,LC206242,NA,NA
Oxalis_acetosella,Aoki233,LC206028,NA,LC206136,NA,LC206350,NA,LC206243,NA,NA
Oxalis_acetosella,Aoki248,LC206031,NA,LC206139,NA,LC206353,NA,LC206246,NA,NA
Oxalis_acetosella,Aoki257,LC206032,NA,LC206140,NA,LC206354,NA,LC206247,NA,NA
Oxalis_acetosella,Aoki263,LC206034,NA,LC206142,NA,LC206356,NA,LC206249,NA,NA
Oxalis_acetosella,Aoki270,LC206035,NA,LC206143,NA,LC206357,NA,LC206250,NA,NA
Oxalis_acetosella,Aoki276,LC206036,NA,LC206144,NA,LC206358,NA,LC206251,NA,NA
Oxalis_acetosella,Aoki282,LC206037,NA,LC206145,NA,LC206359,NA,LC206252,NA,NA
Oxalis_acetosella,Aoki289,LC206039,NA,LC206147,NA,LC206361,NA,LC206254,NA,NA
Oxalis_acetosella,Aoki291,LC206040,NA,LC206148,NA,LC206362,NA,LC206255,NA,NA
Oxalis_acetosella,Aoki293,LC206041,NA,LC206149,NA,LC206363,NA,LC206256,NA,NA
Oxalis_acetosella,Aoki294,LC206042,NA,LC206150,NA,LC206364,NA,LC206257,NA,NA
Oxalis_acetosella,Aoki332,LC206049,NA,LC206157,NA,LC206371,NA,LC206264,NA,NA
Oxalis_acetosella,Aoki347,LC206051,NA,LC206159,NA,LC206373,NA,LC206266,NA,NA
Oxalis_acetosella,Aoki402,LC206059,NA,LC206167,NA,LC206381,NA,LC206274,NA,NA
Oxalis_acetosella,Aoki403,LC206060,NA,LC206168,NA,LC206382,NA,LC206275,NA,NA
Oxalis_acetosella,Aoki410,LC206064,NA,LC206172,NA,LC206386,NA,LC206279,NA,NA
Oxalis_acetosella,Aoki411,LC206065,NA,LC206173,NA,LC206387,NA,LC206280,NA,NA
Oxalis_acetosella,Aoki412,LC206066,NA,LC206174,NA,LC206388,NA,LC206281,NA,NA
Oxalis_acetosella,Aoki415,LC206069,NA,LC206177,NA,LC206391,NA,LC206284,NA,NA
Oxalis_acetosella,Aoki76,LC206103,NA,LC206210,NA,LC206424,NA,LC206317,NA,NA
Oxalis_acetosella,DE0BONN34625,LC206083,NA,LC206190,NA,LC206404,NA,LC206297,NA,NA
Oxalis_acetosella,Aoki447,LC206084,NA,LC206191,NA,LC206405,NA,LC206298,NA,NA
Oxalis_acetosella,Aoki450,LC206086,NA,LC206193,NA,LC206407,NA,LC206300,NA,NA
Oxalis_acetosella,Bouchard89216,LC206111,NA,LC206218,NA,LC206432,NA,LC206325,NA,NA
Oxalis_acetosella,Aoki416,LC206070,NA,LC206178,NA,LC206392,NA,LC206285,NA,NA
Oxalis_acetosella,Emshwiller114,JN603193,NA,JN836783,NA,JN639537,NA,JN836853,NA,NA
Oxalis_corymbosa,Aoki16,LC206018,NA,LC206126,NA,LC206340,NA,LC206233,NA,NA
Oxalis_formosana,Aoki181,LC206020,NA,LC206128,NA,LC206342,NA,LC206235,NA,NA
Oxalis_formosana,Aoki239,LC206029,NA,LC206137,NA,LC206351,NA,LC206244,NA,NA
Oxalis_formosana,Aoki24,LC206030,NA,LC206138,NA,LC206352,NA,LC206245,NA,NA
Oxalis_formosana,Aoki428,LC206078,NA,LC206186,NA,LC206400,NA,LC206293,NA,NA
Oxalis_formosana,Aoki434,LC206079,NA,LC206187,NA,LC206401,NA,LC206294,NA,NA
Oxalis_formosana,Aoki435,LC206080,NA,LC206188,NA,LC206402,NA,LC206295,NA,NA
Oxalis_griffithii,Aoki35,LC206055,NA,LC206163,NA,LC206377,NA,LC206270,NA,NA
Oxalis_griffithii,Aoki44,LC206085,NA,LC206192,NA,LC206406,NA,LC206299,NA,NA
Oxalis_griffithii,Aoki45,LC206088,NA,LC206195,NA,LC206409,NA,LC206302,NA,NA
Oxalis_griffithii,Aoki46,LC206089,NA,LC206196,NA,LC206410,NA,LC206303,NA,NA
Oxalis_griffithii,Aoki61,LC206090,NA,LC206197,NA,LC206411,NA,LC206304,NA,NA
Oxalis_griffithii,Aoki63,LC206091,NA,LC206198,NA,LC206412,NA,LC206305,NA,NA
Oxalis_griffithii,Aoki66,LC206093,NA,LC206200,NA,LC206414,NA,LC206307,NA,NA
Oxalis_griffithii,Aoki68,LC206095,NA,LC206202,NA,LC206416,NA,LC206309,NA,NA
Oxalis_griffithii,Aoki71,LC206099,NA,LC206206,NA,LC206420,NA,LC206313,NA,NA
Oxalis_griffithii,Aoki72,LC206100,NA,LC206207,NA,LC206421,NA,LC206314,NA,NA
Oxalis_griffithii,Aoki83,LC206108,NA,LC206215,NA,LC206429,NA,LC206322,NA,NA
Oxalis_griffithii,Aoki84,LC206109,NA,LC206216,NA,LC206430,NA,LC206323,NA,NA
Oxalis_griffithii,Aoki114,LC206006,NA,LC206114,NA,LC206328,NA,LC206221,NA,NA
Oxalis_griffithii,Aoki119,LC206007,NA,LC206115,NA,LC206329,NA,LC206222,NA,NA
Oxalis_griffithii,Aoki123,LC206008,NA,LC206116,NA,LC206330,NA,LC206223,NA,NA
Oxalis_griffithii,Aoki125,LC206009,NA,LC206117,NA,LC206331,NA,LC206224,NA,NA
Oxalis_griffithii,Aoki130,LC206010,NA,LC206118,NA,LC206332,NA,LC206225,NA,NA
Oxalis_griffithii,Aoki135,LC206011,NA,LC206119,NA,LC206333,NA,LC206226,NA,NA
Oxalis_griffithii,Aoki145,LC206012,NA,LC206120,NA,LC206334,NA,LC206227,NA,NA
Oxalis_griffithii,AokiN,LC206013,NA,LC206121,NA,LC206335,NA,LC206228,NA,NA
Oxalis_griffithii,Aoki151,LC206014,NA,LC206122,NA,LC206336,NA,LC206229,NA,NA
Oxalis_griffithii,Aoki153,LC206015,NA,LC206123,NA,LC206337,NA,LC206230,NA,NA
Oxalis_griffithii,Aoki160,LC206016,NA,LC206124,NA,LC206338,NA,LC206231,NA,NA
Oxalis_griffithii,Aoki166,LC206017,NA,LC206125,NA,LC206339,NA,LC206232,NA,NA
Oxalis_griffithii,Aoki218,LC206025,NA,LC206133,NA,LC206347,NA,LC206240,NA,NA
Oxalis_griffithii,Aoki283,LC206038,NA,LC206146,NA,LC206360,NA,LC206253,NA,NA
Oxalis_griffithii,Aoki303,LC206043,NA,LC206151,NA,LC206365,NA,LC206258,NA,NA
Oxalis_griffithii,Aoki310,LC206045,NA,LC206153,NA,LC206367,NA,LC206260,NA,NA
Oxalis_griffithii,Aoki316,LC206046,NA,LC206154,NA,LC206368,NA,LC206261,NA,NA
Oxalis_griffithii,Aoki322,LC206047,NA,LC206155,NA,LC206369,NA,LC206262,NA,NA
Oxalis_griffithii,Aoki326,LC206048,NA,LC206156,NA,LC206370,NA,LC206263,NA,NA
Oxalis_griffithii,Aoki341,LC206050,NA,LC206158,NA,LC206372,NA,LC206265,NA,NA
Oxalis_griffithii,Aoki396,LC206057,NA,LC206165,NA,LC206379,NA,LC206272,NA,NA
Oxalis_griffithii,Aoki397,LC206058,NA,LC206166,NA,LC206380,NA,LC206273,NA,NA
Oxalis_griffithii,Aoki407,LC206061,NA,LC206169,NA,LC206383,NA,LC206276,NA,NA
Oxalis_griffithii,Aoki408,LC206062,NA,LC206170,NA,LC206384,NA,LC206277,NA,NA
Oxalis_griffithii,Aoki409,LC206063,NA,LC206171,NA,LC206385,NA,LC206278,NA,NA
Oxalis_griffithii,Aoki413,LC206067,NA,LC206175,NA,LC206389,NA,LC206282,NA,NA
Oxalis_griffithii,Aoki445,LC206082,NA,LC206189,NA,LC206403,NA,LC206296,NA,NA
Oxalis_griffithii,Aoki185,LC206021,NA,LC206129,NA,LC206343,NA,LC206236,NA,NA
Oxalis_griffithii,Aoki79,LC206104,NA,LC206211,NA,LC206425,NA,LC206318,NA,NA
Oxalis_griffithii,Aoki80,LC206105,NA,LC206212,NA,LC206426,NA,LC206319,NA,NA
Oxalis_griffithii,Aoki357,LC206053,NA,LC206161,NA,LC206375,NA,LC206268,NA,NA
Oxalis_griffithii,Aoki81,LC206106,NA,LC206213,NA,LC206427,NA,LC206320,NA,NA
Oxalis_griffithii,Aoki82,LC206107,NA,LC206214,NA,LC206428,NA,LC206321,NA,NA
Oxalis_griffithii,Aoki414,LC206068,NA,LC206176,NA,LC206390,NA,LC206283,NA,NA
Oxalis_griffithii,Aoki418,LC206071,NA,LC206179,NA,LC206393,NA,LC206286,NA,NA
Oxalis_griffithii,Aoki419,LC206072,NA,LC206180,NA,LC206394,NA,LC206287,NA,NA
Oxalis_griffithii,Aoki421,LC206074,NA,LC206182,NA,LC206396,NA,LC206289,NA,NA
Oxalis_griffithii,Aoki425,LC206075,NA,LC206183,NA,LC206397,NA,LC206290,NA,NA
Oxalis_griffithii,Aoki426,LC206076,NA,LC206184,NA,LC206398,NA,LC206291,NA,NA
Oxalis_kantoensis,Aoki25,LC206033,NA,LC206141,NA,LC206355,NA,LC206248,NA,NA
Oxalis_kantoensis,Aoki30,LC206044,NA,LC206152,NA,LC206366,NA,LC206259,NA,NA
Oxalis_kantoensis,Aoki106,LC206004,NA,LC206112,NA,LC206326,NA,LC206219,NA,NA
Oxalis_kantoensis,Aoki109,LC206005,NA,LC206113,NA,LC206327,NA,LC206220,NA,NA
Oxalis_kantoensis,Aoki359,LC206054,NA,LC206162,NA,LC206376,NA,LC206269,NA,NA
Oxalis_kantoensis,Aoki38,LC206056,NA,LC206164,NA,LC206378,NA,LC206271,NA,NA
Oxalis_kantoensis,Aoki454,LC206087,NA,LC206194,NA,LC206408,NA,LC206301,NA,NA
Oxalis_leucolepis,Aoki420,LC206073,NA,LC206181,NA,LC206395,NA,LC206288,NA,NA
Oxalis_magellanica,Aoki427,LC206077,NA,LC206185,NA,LC206399,NA,LC206292,NA,NA
Oxalis_oregana,Olmstead2003-33,JN159893,NA,JN836782,NA,NA,NA,JN836852,NA,NA
Oxalis_pes-caprae,Aoki6,LC206097,NA,LC206204,NA,LC206418,NA,LC206311,NA,NA
Oxalis_rosea,Lammers7916,JN603194,NA,JN836784,NA,JN639538,NA,JN836854,NA,NA
Oxalis_spiralis,Aoki85,LC206110,NA,LC206217,NA,LC206431,NA,LC206324,NA,NA
Oxalis_taimonii,Wang4456,LC206081,NA,LC215384,NA,NA,NA,NA,NA,NA
Oxalis_triangulata,Aoki34,LC206052,NA,LC206160,NA,LC206374,NA,LC206267,NA,NA
Oxalis_triangulata,Aoki73,LC206101,NA,LC206208,NA,LC206422,NA,LC206315,NA,NA
Oxalis_triangulata,Aoki74,LC206102,NA,LC206209,NA,LC206423,NA,LC206316,NA,NA
Oxalis_wulingensis,Deng544,JX445132,NA,NA,NA,NA,NA,NA,NA,NA
Oxalis_trillifolia,MO275113,LC368450,NA,LC368452,NA,LC368454,NA,LC368453,NA,NA
Oxalis_densifolia,Cabral93,OQ310875,NA,OQ295996,NA,OQ296022,NA,NA,NA,NA
Oxalis_zamorana,Balslev6515,OQ623657,NA,NA,NA,OR099886,NA,NA,NA,NA
Oxalis_zamorana,Madsen75130,OQ623658,NA,OR099863,NA,NA,NA,NA,NA,NA
Oxalis_alvimii,Fiaschi4597,OQ310870,NA,OQ295991,NA,OQ296017,NA,NA,NA,NA
Oxalis_mandioccana,Richetti29,OQ310885,NA,OQ296006,NA,OQ296033,NA,NA,NA,NA
Oxalis_capixaba,Costa117,OQ310893,NA,OQ296013,NA,OQ296041,NA,NA,NA,NA
Oxalis_sciophila,Costa118,OQ310890,NA,OQ296011,NA,OQ296039,NA,NA,NA,NA
Oxalis_leonii,Costa122,OQ310892,NA,OQ296012,NA,OQ296040,NA,NA,NA,NA
Oxalis_occulta,Fiaschi5058,OQ310894,NA,OQ296014,NA,OQ296042,NA,NA,NA,NA
Oxalis_fruticosa,Fiaschi4658,OQ310877,NA,OQ295998,NA,OQ296024,NA,NA,NA,NA
Oxalis_glaucescens,Felix13539,KC602029,NA,KC602053,NA,KC602083,NA,NA,NA,NA
Oxalis_glaucescens,Melo6630,NA,NA,OR099844,NA,OR099870,NA,NA,NA,NA
Oxalis_alstonii,Vaio413,MH705067,NA,MH705088,NA,EU437129,NA,NA,NA,NA
Oxalis_alstonii,Costa882,OQ623639,NA,OR099837,NA,OR099864,NA,NA,NA,NA
Oxalis_alstonii,Fiaschi5180,OQ623644,NA,OR099846,NA,NA,NA,NA,NA,NA
Oxalis_blackii,Fiaschi4661,OQ623641,NA,OR099839,NA,NA,NA,NA,NA,NA
Oxalis_blackii,Costa115,MH705068,NA,MH705089,NA,MH705073,NA,NA,NA,NA
Oxalis_colatinensis,Fiaschi4625,MH705069,NA,MH705090,NA,MH705074,NA,NA,NA,NA
Oxalis_colatinensis,Fiaschi4631,OQ310873,NA,OQ295994,NA,OQ296020,NA,NA,NA,NA
Oxalis_kollmannii,Fiaschi4663,OQ310872,NA,OQ295993,NA,OQ296019,NA,NA,NA,NA
Oxalis_neuwiedii,Almeida1336,MH705072,NA,MH705094,NA,MH705078,NA,NA,NA,NA
Oxalis_polymorpha_var_cauliflora,Richetti70,OQ623652,NA,OR099854,NA,OR099878,NA,NA,NA,NA
Oxalis_animarum,Fiaschi4591,OQ623653,NA,OR099855,NA,OR099879,NA,NA,NA,NA
Oxalis_umbraticola,UnknownN,NA,NA,MH705095,NA,MH705079,NA,NA,NA,NA
Oxalis_erosa,UnknownN,MH705070,NA,MH705092,NA,MH705076,NA,NA,NA,NA
Oxalis_erosa,Cabral138,OQ310876,NA,OQ295997,NA,OQ296023,NA,NA,NA,NA
Oxalis_psoraleoides_subsp_insipida,Antar1317,NA,NA,OR099856,NA,OR099880,NA,NA,NA,NA
Oxalis_psoraleoides_subsp_insipida,CabralIS4,OR094469,NA,OR099857,NA,NA,NA,NA,NA,NA
Oxalis_psoraleoides_subsp_insipida,Vaio431,KC602030,NA,KC602054,NA,NA,NA,NA,NA,NA
Oxalis_rhombeo-ovata,Vaio526,KC602031,NA,NA,NA,KC602084,NA,NA,NA,NA
Oxalis_ciliata,Cabral124,NA,NA,OR099841,NA,OR099867,NA,NA,NA,NA
Oxalis_cordata,Cabral125,NA,NA,OR099842,NA,OR099868,NA,NA,NA,NA
Oxalis_goyazensis,Cabral100,OQ623643,NA,OR099845,NA,OR099871,NA,NA,NA,NA
Oxalis_grisea,Vaio512,KC602025,NA,KC602050,NA,KC602079,NA,NA,NA,NA
Oxalis_hirsutissima,Cordeiro987,OQ623646,NA,NA,NA,OR099874,NA,NA,NA,NA
Oxalis_physocalyx,Cabral172,OQ623650,NA,OR099852,NA,NA,NA,NA,NA,NA
Oxalis_physocalyx,Melo6953,OQ310888,NA,OQ296009,NA,OQ296036,NA,NA,NA,NA
Oxalis_praetexta,Cabral159,OQ310889,NA,OQ296010,NA,OQ296037,NA,NA,NA,NA
Oxalis_barrelieri,Vaio517,KC602027,NA,KC602052,NA,KC602081,NA,NA,NA,NA
Oxalis_cratensis,Cabral134,NA,NA,OR099843,NA,OR099869,NA,NA,NA,NA
Oxalis_cytisoides,Cabral139,OQ310874,NA,OQ295995,NA,OQ296021,NA,NA,NA,NA
Oxalis_diamantinae,Richetti61,OQ623649,NA,OR099851,NA,OR099876,NA,NA,NA,NA
Oxalis_divaricata,Felix13386,KC602028,NA,KC602055,NA,KC602082,NA,NA,NA,NA
Oxalis_frutescens,JPC29,MH705071,NA,MH705093,NA,MH705077,NA,NA,NA,NA
Oxalis_frutescens,Vaio426,KC602026,NA,KC602051,NA,KC602080,NA,NA,NA,NA
Oxalis_hedysarifolia,Almeida1980,OQ623642,NA,OR099840,NA,OR099866,NA,NA,NA,NA
Oxalis_hyalotricha_subsp_borealis,Richetti65,NA,NA,OR099848,NA,OR099873,NA,NA,NA,NA
Oxalis_hyalotricha_subsp_borealis,Melo4854,OQ623648,NA,OR099850,NA,OR099875,NA,NA,NA,NA
Oxalis_hyalotricha_subsp_hyalotricha,Cabral170,OQ623647,NA,OR099849,NA,NA,NA,NA,NA,NA
Oxalis_pyrenea_var_macrochaeta,Cabral96,OQ623651,NA,OR099858,NA,OR099881,NA,NA,NA,NA
Oxalis_sellowii,Cabral109,OQ623655,NA,OR099860,NA,OR099883,NA,NA,NA,NA
Oxalis_suborbiculata,Cabral110,OQ623656,NA,OR099861,NA,OR099884,NA,NA,NA,NA
Oxalis_suborbiculata,Cabral111,OQ310896,NA,OQ296016,NA,OQ296044,NA,NA,NA,NA
Oxalis_suborbiculata,Cabral114,OR099885,NA,NA,NA,OR099862,NA,NA,NA,NA
Oxalis_acetosella,Emshwiller114,JN603193,NA,JN836783,NA,JN639537,NA,NA,NA,NA
Oxalis_articulata_subsp_articulata,Vaio242,KX249610,NA,KX249681,NA,KX249638,NA,NA,NA,NA
Oxalis_articulata_subsp_rubra,Vaio226,KX249615,NA,KX249679,NA,KX249640,NA,NA,NA,NA
Oxalis_atacamensis,Heibl01-54,JN634724,NA,NA,NA,JN620121,NA,NA,NA,NA
Oxalis_bifrons,Fiaschi3633,KC602021,NA,KC602047,NA,KC602074,NA,NA,NA,NA
Oxalis_bipartita,Vaio320,JN836778,NA,JN836810,NA,NA,NA,NA,NA,NA
Oxalis_brasiliensis,Vaio337,JN836768,NA,JN836812,NA,JN836766,NA,NA,NA,NA
Oxalis_caesia,Heibl02-12,JN634727,NA,NA,NA,JN620124,NA,NA,NA,NA
Oxalis_cinerea,Heibl03-95,JN634728,NA,NA,NA,JN620125,NA,NA,NA,NA
Oxalis_conorrhiza,Vaio206,NA,NA,KC602042,NA,KC602068,NA,NA,NA,NA
Oxalis_corniculata,AGWS1,KC602004,NA,KC602032,NA,KC602056,NA,NA,NA,NA
Oxalis_decaphylla,Gardner29,JN618522,NA,JN836813,NA,JN639552,NA,NA,NA,NA
Oxalis_debilis,Vaio62,JN836774,NA,JN836806,NA,JN836760,NA,NA,NA,NA
Oxalis_enneaphylla,HeiblMunoz_04-45,JN634732,NA,NA,NA,JN620127,NA,NA,NA,NA
Oxalis_eriocarpa,Vaio31,KC602020,NA,KC602046,NA,KC602073,NA,NA,NA,NA
Oxalis_geralensis,UnknownN,KX249625,NA,NA,NA,KX249650,NA,NA,NA,NA
Oxalis_hepatica,Nuernberg1800,OQ623645,NA,OR099847,NA,OR099872,NA,NA,NA,NA
Oxalis_holosericea,HeiblFiaschianzelt05-25,JN634734,NA,NA,NA,JN620130,NA,NA,NA,NA
Oxalis_hypsophila,HeiblFiaschianzelt05-40,JN634735,NA,NA,NA,JN620131,NA,NA,NA,NA
Oxalis_incana,HeiblFiaschianzelt05-45,JN634736,NA,NA,NA,JN620132,NA,NA,NA,NA
Oxalis_linarantha,RA_Wasum_3369,JN618508,NA,NA,NA,JN639541,NA,NA,NA,NA
Oxalis_loricata,UnknownN,JN634741,NA,NA,NA,JN620137,NA,NA,NA,NA
Oxalis_nelsonii,Gardner66,JN618559,NA,JN836841,NA,JN639580,NA,NA,NA,NA
Oxalis_pachyrrhiza,Weingend8479,JN634747,NA,NA,NA,JN620144,NA,NA,NA,NA
Oxalis_palmifrons,MO824,FJ211166,NA,NA,NA,KC329489,NA,NA,NA,NA
Oxalis_pampeana,Nuernberg1875,OQ623640,NA,OR099838,NA,OR099865,NA,NA,NA,NA
Oxalis_paranaensis,VaioMVC2,KC602024,NA,KC602049,NA,KC602076,NA,NA,NA,NA
Oxalis_pes-caprae,Emshwiller608,JN618510,NA,JN836792,NA,EU437145,NA,NA,NA,NA
Oxalis_pseudocernua,UnknownN,EU436880,NA,NA,NA,EU437045,NA,NA,NA,NA
Oxalis_ptychoclada,Emshwiller916,JN603197,NA,JN836786,NA,EU437134,NA,NA,NA,NA
Oxalis_purpurea,MO300,FJ211171,NA,NA,NA,KC329488,NA,NA,NA,NA
Oxalis_rosea,Lammers7916,JN603194,NA,JN836784,NA,JN639538,NA,NA,NA,NA
Oxalis_sarmentosa,MVC13,KC602022,NA,KC602048,NA,KC602075,NA,NA,NA,NA
Oxalis_sarmentosa,Nuernberg1849,OQ623654,NA,OR099859,NA,OR099882,NA,NA,NA,NA
Oxalis_sellowiana,Vaio73,JN836780,NA,JN836805,NA,JN836759,NA,NA,NA,NA
Oxalis_triangularis,Emshwiller456,JN618512,NA,JN836793,NA,EU437141,NA,NA,NA,NA
Oxalis_tuberosa,Emshwiller50_02,JN603198,NA,JN836787,NA,KC602077,NA,NA,NA,NA
Oxalis_acetosella,Walter7182,EU436870,NA,NA,NA,NA,NA,NA,NA,NA
Oxalis_articulata,UnknownN,Z66545,NA,NA,NA,NA,NA,NA,NA,NA
Oxalis_barrelieri,DUB809,EU436866,NA,NA,NA,NA,NA,NA,NA,NA
Oxalis_corniculata,Oberlander0025,EU436867,NA,NA,NA,NA,NA,NA,NA,NA
Oxalis_corniculata,Nie3660,JX445129,NA,NA,NA,NA,NA,NA,NA,NA
Oxalis_corymbosa,DengZhangNie542,JX445130,NA,NA,NA,NA,NA,NA,NA,NA
Oxalis_dolichopoda,Emshwiller292,U74267,NA,NA,NA,NA,NA,NA,NA,NA
Oxalis_griffithii,DengZhangNie546,JX445131,NA,NA,NA,NA,NA,NA,NA,NA
Oxalis_micrantha,Heibl03-092,JN634744,NA,NA,NA,NA,NA,NA,NA,NA
Oxalis_obtriangulata,JNU140,DQ151555,NA,NA,NA,NA,NA,NA,NA,NA
Oxalis_oregana,Olmstead2003-33,JN159893,NA,NA,NA,NA,NA,NA,NA,NA
Oxalis_pachyrrhiza,Emshwiller387,U74275,NA,NA,NA,NA,NA,NA,NA,NA
Oxalis_perdicaria,Botrand0002,EU436878,NA,NA,NA,NA,NA,NA,NA,NA
Oxalis_pes-caprae,Dreyer662,EU436882,NA,NA,NA,NA,NA,NA,NA,NA
Oxalis_stricta,Walter6518,EU436869,NA,NA,NA,NA,NA,NA,NA,NA
Oxalis_triangularis_subsp_triangularis,MO1165,FJ410328,NA,NA,NA,NA,NA,NA,NA,NA
Oxalis_valdiviensis,Botrand0001,EU436873,NA,NA,NA,NA,NA,NA,NA,NA
Oxalis_vulcanicola,MO702,EU436872,NA,NA,NA,NA,NA,NA,NA,NA
Oxalis_wulingensis,DengZhangNie544,JX445132,NA,NA,NA,NA,NA,NA,NA,NA
Oxalis_unduavensis,Emshwiller168/291/351,U74260,NA,NA,NA,NA,NA,NA,NA,NA
Oxalis_aff_spiralis,Emshwiller184,U74261,NA,NA,NA,NA,NA,NA,NA,NA
Oxalis_bisfracta,Emshwiller366,U74262,NA,NA,NA,NA,NA,NA,NA,NA
Oxalis_andina,Emshwiller315,U74263,NA,NA,NA,NA,NA,NA,NA,NA
Oxalis_boliviana,Emshwiller310,U74264,NA,NA,NA,NA,NA,NA,NA,NA
Oxalis_crassipes,Emshwiller463,U74265,NA,NA,NA,NA,NA,NA,NA,NA
Oxalis_aff_distincta,Emshwiller289/321/447,U74266,NA,NA,NA,NA,NA,NA,NA,NA
Oxalis_dolichopoda,Emshwiller292,U74267,NA,NA,NA,NA,NA,NA,NA,NA
Oxalis_herrerae,Emshwiller459,U74269,NA,NA,NA,NA,NA,NA,NA,NA
Oxalis_longissima,Emshwiller64/247,U74270,NA,NA,NA,NA,NA,NA,NA,NA
Oxalis_melilotoides,Emshwiller190,U74271,NA,NA,NA,NA,NA,NA,NA,NA
Oxalis_mollissima,Emshwiller359/x415,U74272,NA,NA,NA,NA,NA,NA,NA,NA
Oxalis_ortgiesii,Emshwiller458,U74273,NA,NA,NA,NA,NA,NA,NA,NA
Oxalis_oulophora,Emshwiller308,U74274,NA,NA,NA,NA,NA,NA,NA,NA
Oxalis_pachyrrhiza,Emshwiller387,U74275,NA,NA,NA,NA,NA,NA,NA,NA
Oxalis_peduncularis,Emshwiller418,U74276,NA,NA,NA,NA,NA,NA,NA,NA
Oxalis_peduncularis,Emshwiller466,U74277,NA,NA,NA,NA,NA,NA,NA,NA
Oxalis_pes-caprae,Emshwiller125,U74278,NA,NA,NA,NA,NA,NA,NA,NA
Oxalis_regnellii,Emshwiller456,U74279,NA,NA,NA,NA,NA,NA,NA,NA
Oxalis_sp,Emshwiller295,U74280,NA,NA,NA,NA,NA,NA,NA,NA
Oxalis_sp,Emshwiller219,U74281,NA,NA,NA,NA,NA,NA,NA,NA
Oxalis_spiralis,Emshwiller187,U74282,NA,NA,NA,NA,NA,NA,NA,NA
Oxalis_spiralis,Emshwiller249/250,U74283,NA,NA,NA,NA,NA,NA,NA,NA
Oxalis_tuberosa,Emshwiller133/136/140,U74284,NA,NA,NA,NA,NA,NA,NA,NA
Oxalis_vulcanicola,Emshwiller124,U74285,NA,NA,NA,NA,NA,NA,NA,NA
Oxalis_yungasensis,Emshwiller437/350,U74286,NA,NA,NA,NA,NA,NA,NA,NA
Oxalis_aff_tuberosa,Emshwiller260,U74287,NA,NA,NA,NA,NA,NA,NA,NA
Oxalis_aff_tuberosa,Emshwiller284,U74288,NA,NA,NA,NA,NA,NA,NA,NA
Oxalis_latifolia,Emshwiller235,U74289,NA,NA,NA,NA,NA,NA,NA,NA
Oxalis_martiana,Emshwiller445,U74290,NA,NA,NA,NA,NA,NA,NA,NA
Oxalis_spiralis,Emshwiller187,NA,NA,NA,NA,NA,NA,NA,AF098977,NA
Oxalis_oulophora,Emshwiller308,NA,NA,NA,NA,NA,NA,NA,AF098978,NA
Oxalis_longissima,Emshwiller64,NA,NA,NA,NA,NA,NA,NA,AF098979,NA
Oxalis_mollissima,Emshwiller359,NA,NA,NA,NA,NA,NA,NA,AF098980,NA
Oxalis_peduncularis,Emshwiller466,NA,NA,NA,NA,NA,NA,NA,AF098981,NA
Oxalis_flagellata,Emshwiller246,NA,NA,NA,NA,NA,NA,NA,AF098982,NA
Oxalis_andina,Emshwiller315,NA,NA,NA,NA,NA,NA,NA,AF098983,NA
Oxalis_ortgiesii,Emshwiller458,NA,NA,NA,NA,NA,NA,NA,AF098984,NA
Oxalis_laxa_var_hispidissima,Emshwiller744,NA,NA,NA,NA,NA,NA,NA,AF470234,NA
Oxalis_pachyrrhiza,Emshwiller387,NA,NA,NA,NA,NA,NA,NA,AF470235,NA
Oxalis_megalorrhiza,Emshwiller773,NA,NA,NA,NA,NA,NA,NA,AF470236,NA
Oxalis_spiralis,Emshwiller249,NA,NA,NA,NA,NA,NA,NA,AF470237,NA
Oxalis_spiralis,Emshwiller184,NA,NA,NA,NA,NA,NA,NA,AF470238,NA
Oxalis_spiralis,Emshwiller244,NA,NA,NA,NA,NA,NA,NA,AF470239,NA
Oxalis_medicaginea,Emshwiller809,NA,NA,NA,NA,NA,NA,NA,AF470240,NA
Oxalis_lotoides,Emshwiller789,NA,NA,NA,NA,NA,NA,NA,AF470241,NA
Oxalis_subintegra,Emshwiller799,NA,NA,NA,NA,NA,NA,NA,AF470242,NA
Oxalis_unduavensis,Emshwiller351,NA,NA,NA,NA,NA,NA,NA,AF470243,NA
Oxalis_unduavensis,Emshwiller291,NA,NA,NA,NA,NA,NA,NA,AF470244,NA
Oxalis_cf_melilotoides,Emshwiller190,NA,NA,NA,NA,NA,NA,NA,AF470245,NA
Oxalis_sp_n_C,Emshwiller592,NA,NA,NA,NA,NA,NA,NA,AF470246,NA
Oxalis_humbertii,Emshwiller604,NA,NA,NA,NA,NA,NA,NA,AF470247,NA
Oxalis_lucumayensis_subsp_lucumayensis,Emshwiller485,NA,NA,NA,NA,NA,NA,NA,AF470248,NA
Oxalis_lucumayensis_subsp_lucumayensis,Emshwiller871,NA,NA,NA,NA,NA,NA,NA,AF470249,NA
Oxalis_lucumayensis_subsp_subiens,Emshwiller289,NA,NA,NA,NA,NA,NA,NA,AF470250,NA
Oxalis_sp_aff_ptychoclada,Emshwiller916,NA,NA,NA,NA,NA,NA,NA,AF470251,NA
Oxalis_sp_n_A,Emshwiller504,NA,NA,NA,NA,NA,NA,NA,AF470252,NA
Oxalis_paucartambensis,Emshwiller548,NA,NA,NA,NA,NA,NA,NA,AF470253,NA
Oxalis_cuzcensis,Emshwiller532,NA,NA,NA,NA,NA,NA,NA,AF470254,NA
Oxalis_herrerae,Emshwiller913,NA,NA,NA,NA,NA,NA,NA,AF470255,NA
Oxalis_herrerae,Emshwiller560,NA,NA,NA,NA,NA,NA,NA,AF470256,NA
Oxalis_picchensis,Emshwiller500,NA,NA,NA,NA,NA,NA,NA,AF470257,NA
Oxalis_herrerae,Emshwiller459/HERR1,NA,NA,NA,NA,NA,NA,NA,AF470258,NA
Oxalis_weberbaueri,Emshwiller746,NA,NA,NA,NA,NA,NA,NA,AF470259,NA
Oxalis_oblongiformis,Emshwiller797,NA,NA,NA,NA,NA,NA,NA,AF470260,NA
Oxalis_sp_n_V,Emshwiller807,NA,NA,NA,NA,NA,NA,NA,AF470261,NA
Oxalis_ptychoclada_var_trichocarpa,Emshwiller600,NA,NA,NA,NA,NA,NA,NA,AF470262,NA
Oxalis_cf_peduncularis,Emshwiller850,NA,NA,NA,NA,NA,NA,NA,AF470263,NA
Oxalis_tabaconasensis,Emshwiller786,NA,NA,NA,NA,NA,NA,NA,AF470264,NA
Oxalis_peduncularis_var_pilosa,Emshwiller791,NA,NA,NA,NA,NA,NA,NA,AF470265,NA
Oxalis_petrophila,Emshwiller933,NA,NA,NA,NA,NA,NA,NA,AF470266,NA
Oxalis_nubigena,Emshwiller345,NA,NA,NA,NA,NA,NA,NA,AF470267,NA
Oxalis_flagellata,Emshwiller331,NA,NA,NA,NA,NA,NA,NA,AF470268,NA
Oxalis_tuberosa,MoralesHermannGarcia884,NA,NA,NA,NA,NA,NA,NA,AF470269,NA
Oxalis_tuberosa,35-04,NA,NA,NA,NA,NA,NA,NA,AF470270,NA
Oxalis_tuberosa,MoralesHermannGarcia913,NA,NA,NA,NA,NA,NA,NA,AF470271,NA
Oxalis_tuberosa,MoralesHermannGarcia884,NA,NA,NA,NA,NA,NA,NA,AF470272,NA
Oxalis_tuberosa,MoralesHermannGarcia884,NA,NA,NA,NA,NA,NA,NA,AF470273,NA
Oxalis_cf_tuberosa,Emshwiller259,NA,NA,NA,NA,NA,NA,NA,AF470274,NA
Oxalis_cf_tuberosa,Emshwiller259,NA,NA,NA,NA,NA,NA,NA,AF470275,NA
Oxalis_tuberosa,MoralesHermannGarcia913,NA,NA,NA,NA,NA,NA,NA,AF470276,NA
Oxalis_tuberosa,MoralesHermannGarcia884,NA,NA,NA,NA,NA,NA,NA,AF470277,NA
Oxalis_tuberosa,MoralesHermannGarcia884,NA,NA,NA,NA,NA,NA,NA,AF470278,NA
Oxalis_tuberosa,MoralesHermannGarcia884,NA,NA,NA,NA,NA,NA,NA,AF470279,NA
Oxalis_tuberosa,MoralesHermannGarcia884,NA,NA,NA,NA,NA,NA,NA,AF470280,NA
Oxalis_tuberosa,MoralesHermannGarcia884,NA,NA,NA,NA,NA,NA,NA,AF470281,NA
Oxalis_tuberosa,35-04,NA,NA,NA,NA,NA,NA,NA,AF470282,NA
Oxalis_tuberosa,35-04,NA,NA,NA,NA,NA,NA,NA,AF470283,NA
Oxalis_tuberosa,35-04,NA,NA,NA,NA,NA,NA,NA,AF470284,NA
Oxalis_tuberosa,35-04,NA,NA,NA,NA,NA,NA,NA,AF470285,NA
Oxalis_tuberosa,MoralesHermannGarcia884,NA,NA,NA,NA,NA,NA,NA,AF470286,NA
Oxalis_tuberosa,35-04,NA,NA,NA,NA,NA,NA,NA,AF470287,NA
Oxalis_tuberosa,MoralesHermannGarcia913,NA,NA,NA,NA,NA,NA,NA,AF470288,NA
Oxalis_tuberosa,MoralesHermannGarcia913,NA,NA,NA,NA,NA,NA,NA,AF470289,NA
Oxalis_tuberosa,MoralesHermannGarcia913,NA,NA,NA,NA,NA,NA,NA,AF470290,NA
Oxalis_tuberosa,35-04,NA,NA,NA,NA,NA,NA,NA,AF470291,NA
Oxalis_tuberosa,35-04,NA,NA,NA,NA,NA,NA,NA,AF470292,NA
Oxalis_tuberosa,MoralesHermannGarcia913,NA,NA,NA,NA,NA,NA,NA,AF470293,NA
Oxalis_tuberosa,MoralesHermannGarcia913,NA,NA,NA,NA,NA,NA,NA,AF470294,NA
Oxalis_tuberosa,35-04,NA,NA,NA,NA,NA,NA,NA,AF470295,NA
Oxalis_tuberosa,MoralesHermannGarcia884,NA,NA,NA,NA,NA,NA,NA,AF470296,NA
Oxalis_tuberosa,35-04,NA,NA,NA,NA,NA,NA,NA,AF470297,NA
Oxalis_tuberosa,MoralesHermannGarcia913,NA,NA,NA,NA,NA,NA,NA,AF470298,NA
Oxalis_tuberosa,35-04,NA,NA,NA,NA,NA,NA,NA,AF470299,NA
Oxalis_tuberosa,MoralesHermannGarcia913,NA,NA,NA,NA,NA,NA,NA,AF470300,NA
Oxalis_tuberosa,MoralesHermannGarcia884,NA,NA,NA,NA,NA,NA,NA,AF470301,NA
Oxalis_tuberosa,35-04,NA,NA,NA,NA,NA,NA,NA,AF470302,NA
Oxalis_tuberosa,35-04,NA,NA,NA,NA,NA,NA,NA,AF470303,NA
Oxalis_tuberosa,35-04,NA,NA,NA,NA,NA,NA,NA,AF470304,NA
Oxalis_tuberosa,35-04,NA,NA,NA,NA,NA,NA,NA,AF470305,NA
Oxalis_tuberosa,MoralesHermannGarcia913,NA,NA,NA,NA,NA,NA,NA,AF470306,NA
Oxalis_tuberosa,MoralesHermannGarcia884,NA,NA,NA,NA,NA,NA,NA,AF470307,NA
Oxalis_cf_tuberosa,Emshwiller259,NA,NA,NA,NA,NA,NA,NA,AF470308,NA
Oxalis_cf_tuberosa,Emshwiller259,NA,NA,NA,NA,NA,NA,NA,AF470309,NA
Oxalis_cf_tuberosa,Emshwiller259,NA,NA,NA,NA,NA,NA,NA,AF470310,NA
Oxalis_cf_tuberosa,Emshwiller259,NA,NA,NA,NA,NA,NA,NA,AF470311,NA
Oxalis_cf_tuberosa,Emshwiller259,NA,NA,NA,NA,NA,NA,NA,AF470312,NA
Oxalis_cf_tuberosa,Emshwiller259,NA,NA,NA,NA,NA,NA,NA,AF470313,NA
Oxalis_staffordiana,Emshwiller512,NA,NA,NA,NA,NA,NA,NA,AF470314,NA
Oxalis_teneriensis,Emshwiller511,NA,NA,NA,NA,NA,NA,NA,AF470315,NA
Oxalis_polyrhiza,Emshwiller960,NA,NA,NA,NA,NA,NA,NA,AF470316,NA
Oxalis_picchensis,Emshwiller531,NA,NA,NA,NA,NA,NA,NA,AF470317,NA
Oxalis_adpressipila,Kuhlmann6587h,OQ310891,NA,NA,NA,OQ296038,NA,NA,NA,NA
Oxalis_alvimii,Fiaschi4597,OQ310870,NA,OQ295991,NA,OQ296017,NA,NA,NA,NA
Oxalis_bela-vitoriae,Fiaschi4606,OQ310871,NA,OQ295992,NA,OQ296018,NA,NA,NA,NA
Oxalis_bifrons,Fiaschi3633,KC602021,NA,KC602047,NA,KC602074,NA,NA,NA,NA
Oxalis_brasiliensis,Vaio337,JN836768,NA,JN836812,NA,JN836766,NA,NA,NA,NA
Oxalis_capixaba,Costa117,OQ310893,NA,OQ296013,NA,OQ296041,NA,NA,NA,NA
Oxalis_colatinensis,Fiaschi4631,OQ310873,NA,OQ295994,NA,OQ296020,NA,NA,NA,NA
Oxalis_cornicarpa,Fiaschi5428,OQ310886,NA,OQ296007,NA,OQ296034,NA,NA,NA,NA
Oxalis_cornicarpa,Fiaschi5442,OQ310887,NA,OQ296008,NA,OQ296035,NA,NA,NA,NA
Oxalis_cytisoides,Cabral139,OQ310874,NA,OQ295995,NA,OQ296021,NA,NA,NA,NA
Oxalis_densifolia,Cabral93,OQ310875,NA,OQ295996,NA,OQ296022,NA,NA,NA,NA
Oxalis_erosa,Cabral138,OQ310876,NA,OQ295997,NA,OQ296023,NA,NA,NA,NA
Oxalis_fruticosa,Fiaschi4658,OQ310877,NA,OQ295998,NA,OQ296024,NA,NA,NA,NA
Oxalis_grisea,Melo6953,OQ310888,NA,OQ296009,NA,OQ296036,NA,NA,NA,NA
Oxalis_impatiens,Bilk382a,OQ310878,NA,OQ295999,NA,OQ296025,NA,NA,NA,NA
Oxalis_impatiens,Bilk382b,OQ310879,NA,OQ296000,NA,OQ296026,NA,NA,NA,NA
Oxalis_inopinata,Fiaschi5544,OR964281,NA,OR966574,NA,OR966575,NA,NA,NA,NA
Oxalis_itamarajuensis,Fiaschi4657,OQ310895,NA,OQ296015,NA,OQ296043,NA,NA,NA,NA
Oxalis_kollmannii,Fiaschi4663,OQ310872,NA,OQ295993,NA,OQ296019,NA,NA,NA,NA
Oxalis_kuhlmannii,Fiaschi4662,OQ310880,NA,OQ296001,NA,OQ296027,NA,NA,NA,NA
Oxalis_leonii,Costa122,OQ310892,NA,OQ296012,NA,OQ296040,NA,NA,NA,NA
Oxalis_mandioccana,Demuner2096h,OQ310881,NA,NA,NA,OQ296028,NA,NA,NA,NA
Oxalis_mandioccana,Fiaschi4660,OQ310882,NA,OQ296002,NA,OQ296029,NA,NA,NA,NA
Oxalis_mandioccana,Kollmann10803h,NA,NA,OQ296003,NA,OQ296030,NA,NA,NA,NA
Oxalis_mandioccana,Kollmann12975h,OQ310883,NA,OQ296004,NA,OQ296031,NA,NA,NA,NA
Oxalis_mandioccana,Costa114,OQ310884,NA,OQ296005,NA,OQ296032,NA,NA,NA,NA
Oxalis_mandioccana,Richetti29,OQ310885,NA,OQ296006,NA,OQ296033,NA,NA,NA,NA
Oxalis_occulta,Fiaschi5058,OQ310894,NA,OQ296014,NA,OQ296042,NA,NA,NA,NA
Oxalis_sciophila,Costa118,OQ310890,NA,OQ296011,NA,OQ296039,NA,NA,NA,NA
Oxalis_suborbiculata,Cabral111,OQ310896,NA,OQ296016,NA,OQ296044,NA,NA,NA,NA
Oxalis_alvimii,Fiaschi4597,OQ310870,NA,OQ295991,NA,OQ296017,NA,NA,NA,NA
Oxalis_amorimii,Fiaschi5457,PQ536092,NA,PQ585589,NA,PQ585606,NA,NA,NA,NA
Oxalis_animarum,Fiaschi4591,NA,NA,OR099855,NA,OR099879,NA,NA,NA,NA
Oxalis_barrelieri,Vaio517,KC602027,NA,KC602052,NA,KC602081,NA,NA,NA,NA
Oxalis_blackii,Costa115,MH705068,NA,MH705089,NA,MH705073,NA,NA,NA,NA
Oxalis_caesariata,Fiaschi5273,PP175926,NA,PP179507,NA,PP179511,NA,NA,NA,NA
Oxalis_alstonii_subsp_lutzii,Melo_4829,PQ536091,NA,PQ585585,NA,PQ585602,NA,NA,NA,NA
Oxalis_cf_polymorpha,Fiaschi4617,PQ536093,NA,PQ585595,NA,NA,NA,NA,NA,NA
Oxalis_cf_polymorpha,Fiaschi4618,PQ536094,NA,PQ585594,NA,PQ585611,NA,NA,NA,NA
Oxalis_cf_polymorpha,Fiaschi5415,PQ536095,NA,PQ585593,NA,PQ585610,NA,NA,NA,NA
Oxalis_cipoensis,Costa110,PQ536096,NA,PQ585587,NA,PQ585604,NA,NA,NA,NA
Oxalis_colatinensis,Fiaschi4625,MH705069,NA,MH705090,NA,MH705074,NA,NA,NA,NA
Oxalis_cornicarpa,Fiaschi5428,OQ310886,NA,OQ296007,NA,OQ296034,NA,NA,NA,NA
Oxalis_decipiens,Richetti64,PQ536097,NA,PQ585588,NA,PQ585605,NA,NA,NA,NA
Oxalis_divaricata,Felix13386,KC602028,NA,KC602055,NA,KC602082,NA,NA,NA,NA
Oxalis_frutescens,Vaio426,KC602026,NA,KC602051,NA,KC602080,NA,NA,NA,NA
Oxalis_glaucescens,Felix13539,KC602029,NA,KC602053,NA,KC602083,NA,NA,NA,NA
Oxalis_hyalotricha_subsp_borealis,Melo4854,OQ623648,NA,OR099850,NA,OR099875,NA,NA,NA,NA
Oxalis_idimae,Richetti70,OQ623652,NA,OR099854,NA,OR099878,NA,NA,NA,NA
Oxalis_inopinata,Fiaschi5544,OR964281,NA,OR966574,NA,OR966575,NA,NA,NA,NA
Oxalis_itatingae,Fiaschi4472,PQ536098,NA,PQ585599,NA,PQ585615,NA,NA,NA,NA
Oxalis_jacobinensis,Cabral226,PQ536099,NA,PQ585590,NA,PQ585607,NA,NA,NA,NA
Oxalis_kollmannii,Fiaschi4663,OQ310872,NA,OQ295993,NA,OQ296019,NA,NA,NA,NA
Oxalis_kollmannii,Vasques53,PQ536100,NA,PQ585591,NA,PQ585608,NA,NA,NA,NA
Oxalis_monochasiata,Fiaschi4585,PQ536101,NA,PQ585592,NA,PQ585609,NA,NA,NA,NA
Oxalis_neuwiedii,Almeida1336,MH705072,NA,MH705094,NA,MH705078,NA,NA,NA,NA
Oxalis_pardoensis,Caxambu5990,OL998717,NA,NA,NA,NA,NA,NA,NA,NA
Oxalis_physocalyx,Melo6953,OQ310888,NA,OQ296009,NA,OQ296036,NA,NA,NA,NA
Oxalis_psoraleoides_subsp_insipida,Vaio431,KC602030,NA,KC602054,NA,NA,NA,NA,NA,NA
Oxalis_puberula,Rhoden7,PQ536102,NA,PQ585596,NA,PQ585612,NA,NA,NA,NA
Oxalis_rhombeo-ovata,Melo4750,PQ536103,NA,PQ585597,NA,PQ585613,NA,NA,NA,NA
Oxalis_roselata,Rhoden16,PQ536104,NA,PQ585586,NA,PQ585603,NA,NA,NA,NA
Oxalis_sarmentosa,Vaio13,KC602048,NA,KC602048,NA,KC602075,NA,NA,NA,NA
Oxalis_aff_umbraticola,Rhoden19,NA,NA,PQ585598,NA,PQ585614,NA,NA,NA,NA
Oxalis_suborbiculata,Cabral110,OQ623656,NA,OR099861,NA,OR099884,NA,NA,NA,NA
Oxalis_umbraticola,Nery91,NA,NA,PQ585601,NA,PQ585617,NA,NA,NA,NA
Oxalis_umbraticola,Richetti69,PQ536105,NA,PQ585600,NA,PQ585616,NA,NA,NA,NA
Oxalis_corniculata,Emshwiller793,JN603192,NA,JN836781,NA,EU437126,NA,JN836851,NA,NA
Oxalis_oregana,Olmstead2003-33,JN159893,NA,JN836782,NA,JN639536,NA,JN836852,NA,NA
Oxalis_acetosella,Emshwiller114,JN603193,NA,JN836783,NA,JN639537,NA,JN836853,NA,NA
Oxalis_rosea,Lammers7916,JN603194,NA,JN836784,NA,JN639538,NA,JN836854,NA,NA
Oxalis_laxa_subsp_hispidissima,Emshwiller1111,JN603195,NA,NA,NA,JN639539,NA,JN836855,NA,NA
Oxalis_megalorrhiza,Emshwiller773,JN603196,NA,NA,NA,EU437139,NA,JN836856,NA,NA
Oxalis_ptychoclada,Emshwiller916,JN603197,NA,JN836786,NA,EU437134,NA,JN836857,NA,NA
Oxalis_tuberosa,Emshwiller50_02,JN603198,NA,JN836787,NA,JN639540,NA,NA,NA,NA
Oxalis_articulata_forma_crassipes,Emshwiller463,JN618506,NA,JN836788,NA,EU437146,NA,JN836859,NA,NA
Oxalis_articulata_subsp_rubra,Emshwiller146,JN618507,NA,JN836789,NA,EU437147,NA,JN836860,NA,NA
Oxalis_floribunda,Vaio358,JN836767,NA,JN836790,NA,JN836758,NA,JN836861,NA,NA
Oxalis_linarantha,Wasum3369,JN618508,NA,NA,NA,JN639541,NA,JN836862,NA,NA
Oxalis_incarnata,Emshwiller149,JN618509,NA,JN836791,NA,JN639542,NA,JN836863,NA,NA
Oxalis_pes-caprae,Emshwiller608,JN618510,NA,JN836792,NA,EU437145,NA,NA,NA,NA
Oxalis_adenophylla,GardnerADEPH1,JN618511,NA,JN836802,NA,JN639550,NA,JN836872,NA,NA
Oxalis_triangularis_subsp_papilionacea,Emshwiller456,JN618512,NA,JN836793,NA,EU437141,NA,JN836864,NA,NA
Oxalis_alpina,Gardner45,JN618513,NA,JN836794,NA,JN639543,NA,JN836865,NA,NA
Oxalis_alpina,Weller956,JN618515,NA,JN836796,NA,JN639545,NA,JN836867,NA,NA
Oxalis_alpina,Weller976,JN618514,NA,JN836795,NA,JN639544,NA,JN836866,NA,NA
Oxalis_cf_alpina,Weller979,JN618565,NA,JN836846,NA,JN639584,NA,JN836913,NA,NA
Oxalis_argentina,Emshwiller235,JN618516,NA,JN836797,NA,EU437143,NA,NA,NA,NA
Oxalis_bipartita_subsp_bipartita,Vaio59,JN836777,NA,NA,NA,JN836764,NA,NA,NA,NA
Oxalis_bipartita_subsp_bipartita,Vaio320,JN836778,NA,JN836810,NA,NA,NA,JN836880,NA,NA
Oxalis_brasiliensis,EmshwillerBRAS2,JN618520,NA,JN836798,NA,JN639546,NA,JN836868,NA,NA
Oxalis_brasiliensis,Vaio337,JN836768,NA,JN836812,NA,JN836766,NA,MV337,NA,NA
Oxalis_brasiliensis,Vaio55,JN836769,NA,NA,NA,NA,NA,NA,NA,NA
Oxalis_brasiliensis,Vaio70,JN836770,NA,NA,NA,NA,NA,NA,NA,NA
Oxalis_caerulea,Gardner39,JN618517,NA,JN836800,NA,JN639548,NA,JN836870,NA,NA
Oxalis_caerulea,Gardner47,JN618518,NA,JN836801,NA,JN639549,NA,JN836871,NA,NA
Oxalis_cardenasiana,Wood22331,JN618519,NA,JN836799,NA,JN639547,NA,JN836869,NA,NA
Oxalis_debilis_var_debilis,Emshwiller171,JN618521,NA,JN836803,NA,EU437144,NA,JN836873,NA,NA
Oxalis_debilis_var_debilis,Emshwiller445,NA,NA,JN836804,NA,JN639551,NA,JN836874,NA,NA
Oxalis_debilis_var_corymbosa,Vaio62,JN836774,NA,JN836806,NA,JN836760,NA,JN836876,NA,NA
Oxalis_decaphylla,Gardner29,JN618522,NA,JN836813,NA,JN639552,NA,JN836882,NA,NA
Oxalis_decaphylla,Rodriguez2610,JN618524,NA,JN836820,NA,JN639559,NA,JN836889,NA,NA
Oxalis_discolor,Gardner35,JN618525,NA,JN836821,NA,JN639560,NA,JN836890,NA,NA
Oxalis_divergens,Gardner58,JN618527,NA,JN836822,NA,JN639561,NA,JN836891,NA,NA
Oxalis_divergens,Gardner62,JN618526,NA,JN836814,NA,JN639553,NA,JN836883,NA,NA
Oxalis_drummondii,Weller965,JN618528,NA,JN836823,NA,JN639562,NA,JN836892,NA,NA
Oxalis_eriolepis,Emshwiller155,JN618530,NA,JN836824,NA,JN639563,NA,JN836893,NA,NA
Oxalis_eriolepis,Emshwiller559,JN618529,NA,JN836815,NA,JN639554,NA,JN836884,NA,NA
Oxalis_galeottii,Gardner60,JN618531,NA,JN836827,NA,JN639566,NA,JN836895,NA,NA
Oxalis_gregaria,Roe1597,JN618532,NA,JN836826,NA,JN639565,NA,NA,NA,NA
Oxalis_hernandesii,Gardner26,JN618533,NA,JN836828,NA,JN639567,NA,JN836896,NA,NA
Oxalis_hernandesii,Gardner56,JN618534,NA,JN836825,NA,JN639564,NA,JN836894,NA,NA
Oxalis_hispidula,Vaio342,JN836775,NA,NA,NA,NA,NA,JN836881,NA,NA
Oxalis_hispidula,Vaio44,JN836776,NA,JN836811,NA,JN836765,NA,NA,NA,NA
Oxalis_jacquiniana,Gardner43,JN618535,NA,JN836830,NA,JN639569,NA,JN836898,NA,NA
Oxalis_jacquiniana,Gardner59,JN618536,NA,JN836829,NA,JN639568,NA,JN836897,NA,NA
Oxalis_lasiandra,Gardner69,JN618537,NA,JN836831,NA,JN639570,NA,JN836899,NA,NA
Oxalis_latifolia,Gardner38,JN618539,NA,JN836834,NA,JN639573,NA,JN836902,NA,NA
Oxalis_latifolia,Gardner70,JN618538,NA,JN836832,NA,JN639571,NA,JN836900,NA,NA
Oxalis_latifolia,Emshwiller439,JN618540,NA,JN836835,NA,JN639574,NA,JN836903,NA,NA
Oxalis_latifolia,Emshwiller508,JN618545,NA,JN836836,NA,JN639575,NA,JN836904,NA,NA
Oxalis_latifolia,Emshwiller756,JN618548,NA,JN836837,NA,JN639576,NA,JN836905,NA,NA
Oxalis_latifolia,VaioC12,JN836771,NA,NA,NA,NA,NA,NA,NA,NA
Oxalis_latifolia,GonsiskaN,JN618552,NA,JN836817,NA,JN639556,NA,JN836886,NA,NA
Oxalis_macrocarpa,Gardner49,JN618556,NA,JN836819,NA,JN639558,NA,JN836888,NA,NA
Oxalis_macrocarpa,Gardner53,JN618555,NA,JN836838,NA,JN639577,NA,JN836906,NA,NA
Oxalis_magnifica,Gardner68,JN618557,NA,JN836839,NA,JN639578,NA,JN836907,NA,NA
Oxalis_morelosii,Perez4856,JN618558,NA,JN836840,NA,JN639579,NA,JN836908,NA,NA
Oxalis_nelsonii,Gardner66,JN618559,NA,JN836841,NA,JN639580,NA,JN836909,NA,NA
Oxalis_oreocharis,Emshwiller583,JN618561,NA,JN836843,NA,EU437142,NA,JN836911,NA,NA
Oxalis_oreocharis,Emshwiller795,JN618560,NA,JN836842,NA,JN639581,NA,JN836910,NA,NA
Oxalis_perdicaria,Vaio348,NA,NA,JN836807,NA,JN836761,NA,JN836877,NA,NA
Oxalis_perdicaria,Vaio79,JN836772,NA,JN836808,NA,JN836762,NA,JN836878,NA,NA
Oxalis_pinguiculacea,Wood22147,JN618562,NA,JN836818,NA,JN639557,NA,JN836887,NA,NA
Oxalis_primavera,Gardner48,JN618564,NA,JN836845,NA,JN639583,NA,NA,NA,NA
Oxalis_primavera,Gardner50,JN618563,NA,JN836844,NA,JN639582,NA,JN836912,NA,NA
Oxalis_sellowiana_forma_alba,Vaio282,JN836779,NA,JN836809,NA,JN836763,NA,JN836879,NA,NA
Oxalis_sellowiana,Vaio73,JN836780,NA,JN836805,NA,JN836759,NA,JN836875,NA,NA
Oxalis_tetraphylla,EmshwillerDEPP,JN618566,NA,JN836847,NA,JN639585,NA,JN836914,NA,NA
Oxalis_tetraphylla,EmshwillerTETRA2,JN618567,NA,JN836848,NA,JN639586,NA,JN836915,NA,NA
Oxalis_trollii,Wood22158,JN618569,NA,JN836849,NA,JN639587,NA,JN836916,NA,NA
Oxalis_trollii,Emshwiller281,JN618568,NA,JN836816,NA,JN639555,NA,JN836885,NA,NA
Oxalis_violacea,GardnerAGVIO1,JN618570,NA,JN836850,NA,JN639588,NA,JN836917,NA,NA
Oxalis_acetosella,HeiblBotGardenMunich01,JN634720,JN592057,NA,JN587320,JN620117,NA,JN620084,NA,JN627218
Oxalis_adenophylla,HeiblPfanzelt05-024,JN634721,JN592058,NA,JN587321,JN620118,NA,JN620085,NA,NA
Oxalis_arbuscula,HeiblPfanzelt05-050,JN634722,JN592059,NA,JN587322,JN620119,NA,JN620086,NA,NA
Oxalis_arenaria,Heibl03-094,JN634723,JN592060,NA,JN587330,JN620120,NA,JN620087,NA,JN627219
Oxalis_atacamensis,Heibl01-054,JN634724,JN592061,NA,JN587323,JN620121,NA,JN620088,NA,NA
Oxalis_aureoflava,Zollitsch61,NA,JN592062,NA,NA,JN620122,NA,NA,NA,NA
Oxalis_aureoflava,Munoz4871,JN634725,NA,NA,NA,NA,NA,NA,NA,JN627220
Oxalis_bulbocastanum,Heibl01-071,JN634726,JN592063,NA,JN587324,JN620123,NA,JN620089,NA,NA
Oxalis_caesia,Heibl02-012,JN634727,JN602084,NA,JN587325,JN620124,NA,JN620090,NA,JN627221
Oxalis_cinerea,Heibl03-095,JN634728,JN602085,NA,NA,JN620125,NA,JN620091,NA,NA
Oxalis_compacta,Teillier5013,JN634729,JN602086,NA,NA,NA,NA,NA,NA,NA
Oxalis_corniculata,Gravendeel723,JN634730,JN602087,NA,JN587331,JN620126,NA,NA,NA,NA
Oxalis_dumetorum,Mihoc7330,JN634731,JN602088,NA,NA,NA,NA,NA,NA,JN627222
Oxalis_enneaphylla,HeiblMunozToro04-046,NA,NA,NA,JN587326,NA,NA,NA,NA,NA
Oxalis_enneaphylla,HeiblMunozToro04-045,JN634732,JN602089,NA,NA,JN620127,NA,JN620092,NA,JN627223
Oxalis_erythrorhiza,Teillier4547,NA,JN602090,NA,NA,NA,NA,NA,NA,NA
Oxalis_fontana,GravendeelKoops302,NA,JN602091,NA,NA,NA,NA,NA,NA,NA
Oxalis_gigantea,Ehrhart_6-244,NA,NA,NA,NA,JN620128,NA,NA,NA,NA
Oxalis_gigantea,HeiblMunozToro04-010,JN634733,NA,NA,NA,NA,NA,JN620093,NA,JN627224
Oxalis_gigantea,HeiblMunozToro04-013,NA,JN602092,NA,NA,NA,NA,NA,NA,NA
Oxalis_gyrorhiza,Heibl02-035,NA,JN602093,NA,NA,JN620129,NA,NA,NA,JN627225
Oxalis_holosericea,HeiblPfanzelt05-025,JN634734,JN607481,NA,JN587327,JN620130,NA,JN620094,NA,JN627226
Oxalis_hypsophila,HeiblPfanzelt05-039,JN634735,NA,NA,JN587328,NA,NA,NA,NA,NA
Oxalis_hypsophila,HeiblPfanzelt05-040,NA,JN607482,NA,NA,JN620131,NA,NA,NA,NA
Oxalis_incana,HeiblPfanzelt05-045,JN634736,JN607483,NA,JN587329,JN620132,NA,JN620095,NA,JN627227
Oxalis_johnstonii,Heibl01-080,NA,JN607484,NA,NA,JN620133,NA,JN620096,NA,NA
Oxalis_laciniata,HeiblMunozToro04-053,NA,NA,NA,JN587310,NA,NA,NA,NA,NA
Oxalis_laciniata,HeiblMunozToro04-047,JN634737,NA,NA,NA,JN620134,NA,JN620097,NA,JN627228
Oxalis_laciniata,HeiblMunozToro04-044,NA,JN607485,NA,NA,NA,NA,NA,NA,NA
Oxalis_laxa_var_laxa,Heibl03-091,JN634738,JN607486,NA,JN587332,JN620135,NA,JN620098,NA,JN627229
Oxalis_laxa_var_hispidissima,Heibl02-027,JN634739,NA,NA,JN587333,JN620136,NA,JN620099,NA,JN627230
Oxalis_lomana,Heibl04-055,JN634740,NA,NA,JN587311,NA,NA,JN620100,NA,NA
Oxalis_loricata,HeiblPfanzelt05-006,JN634741,JN607487,NA,JN587312,JN620137,NA,NA,NA,NA
Oxalis_magellanica,HeiblBotGardenMunich02,JN634742,JN607488,NA,JN587313,JN620138,NA,JN620101,NA,JN627231
Oxalis_matancillae,HeiblMunozToro04-023,NA,NA,NA,JN587334,NA,NA,NA,NA,NA
Oxalis_megalorrhiza,Heibl03-086,NA,JN607489,NA,JN587314,NA,NA,NA,NA,NA
Oxalis_megalorrhiza,KrausK-139,JN634743,NA,NA,NA,JN620139,NA,JN620102,NA,JN627232
Oxalis_micrantha,Heibl03-092,JN634744,JN607490,NA,NA,JN620140,NA,NA,NA,JN627233
Oxalis_morenoensis,Heibl03-064,NA,NA,NA,JN587335,NA,NA,JN620103,NA,NA
Oxalis_morenoensis,Heibl01-009,JN634745,JN607491,NA,NA,JN620141,NA,NA,NA,NA
Oxalis_nahuelhuapiensis,Pfanzelt227,NA,JN607492,NA,NA,NA,NA,NA,NA,JN627234
Oxalis_novemfoliolata,Heibl01-078,NA,JN607493,NA,NA,JN620142,NA,NA,NA,NA
Oxalis_ornithopus,HeiblMunozToro04-015,NA,JN607494,NA,NA,NA,NA,JN620104,NA,JN627235
Oxalis_ornithopus,Heibl01-018,NA,NA,NA,JN587315,JN620143,NA,NA,NA,NA
Oxalis_pachyrrhiza,Weigend8479,JN634747,JN607495,NA,JN587316,JN620144,NA,JN620105,NA,NA
Oxalis_paposana,Heibl01-047,NA,NA,NA,JN587317,NA,NA,NA,NA,JN627236
Oxalis_paposana,Heibl03-062,JN634748,JN607496,NA,NA,JN620145,NA,JN620106,NA,NA
Oxalis_penicillata,HeiblPfanzelt05-032,JN634749,NA,NA,JN587336,NA,NA,JN620107,NA,JN627237
Oxalis_penicillata,HeiblPfanzelt05-033,NA,JN607497,NA,NA,JN620146,NA,NA,NA,NA
Oxalis_perdicaria,HeiblBotGardenMunich03,JN634750,NA,NA,JN587337,JN620147,NA,JN620108,NA,NA
Oxalis_pycnophylla,Heibl01-005,NA,JN607498,NA,JN587318,JN620148,NA,NA,NA,NA
Oxalis_ricardii,Heibl01-072,NA,NA,NA,JN587319,NA,NA,JN620109,NA,NA
Oxalis_rigida,Heibl03-096,NA,JN607499,NA,NA,JN620149,NA,NA,NA,NA
Oxalis_rosea,Heibl02-034,NA,JN607500,NA,JN587338,JN620150,NA,NA,NA,NA
Oxalis_rosea,Heibl03-014,JN634751,NA,NA,NA,NA,NA,NA,NA,JN627238
Oxalis_squamata,MunichBotGardencultJGrau,NA,JN607501,NA,NA,JN620151,NA,NA,NA,NA
Oxalis_squamata,HeiblPfanzelt05-027,JN634752,NA,NA,JN587339,NA,NA,JN620110,NA,NA
Oxalis_squarrosa,Arancio14804,NA,JN607502,NA,JN587340,NA,NA,NA,NA,NA
Oxalis_squarrosa,Munoz4534,JN634753,NA,NA,NA,NA,NA,NA,NA,JN627239
Oxalis_tortuosa,KrausK-94,JN634754,JN607503,NA,JN587341,NA,NA,JN620111,NA,JN627240
Oxalis_valdiviensis,HeiblPfanzelt05-016,JN634755,NA,NA,JN587342,JN620152,NA,JN620112,NA,NA
Oxalis_valdiviensis,Grau3052,NA,JN607504,NA,NA,NA,NA,NA,NA,NA
Oxalis_virgosa,Ehrhart6-134,NA,NA,NA,JN587343,JN620153,NA,NA,NA,NA
Oxalis_virgosa,HeiblMunozToro04-042,JN634756,NA,NA,NA,NA,NA,JN620113,NA,NA
Oxalis_virgosa,Heibl03-031,NA,JN607505,NA,NA,NA,NA,NA,NA,NA
Oxalis_chachahuensis,MartinezCarretero1570,MH220862,MH998371,NA,NA,NA,NA,NA,NA,NA
Oxalis_cinerea,Heibl03-095,JN634728,JN602085,NA,NA,NA,NA,NA,NA,NA
Oxalis_compacta,Zuloaga12313,MH220864,NA,NA,NA,NA,NA,NA,NA,NA
Oxalis_compacta,Teillier5013,JN634729,JN602086,NA,NA,NA,NA,NA,NA,NA
Oxalis_erythrorhiza,Zuloaga12781,MH220857,MH998365,NA,NA,NA,NA,NA,NA,NA
Oxalis_famatinae,Zuloaga11970,MH220858,MH998374,NA,NA,NA,NA,NA,NA,NA
Oxalis_fontana,GravendeelKoops302,NA,JN602091,NA,NA,NA,NA,NA,NA,NA
Oxalis_hypsophila,HeiblPfanzelt05-039,JN634735,NA,NA,NA,NA,NA,NA,NA,NA
Oxalis_laxa,Zuloaga12555,MH220854,NA,NA,NA,NA,NA,NA,NA,NA
Oxalis_laxa,Zuloaga12428,MH220866,MH998367,NA,NA,NA,NA,NA,NA,NA
Oxalis_laxa,Heibl03-091,JN634738,JN607486,NA,NA,NA,NA,NA,NA,NA
Oxalis_muscoides,Zuloaga12256,MH220856,MH998369,NA,NA,NA,NA,NA,NA,NA
Oxalis_nahuelhuapiensis,Biganzoli2126,MH220863,MH998372,NA,NA,NA,NA,NA,NA,NA
Oxalis_penicillata,HeiblPfanzelt05-032,JN634749,NA,NA,NA,NA,NA,NA,NA,NA
Oxalis_pycnophylla,Zuloaga11747,MH220861,MH998370,NA,NA,NA,NA,NA,NA,NA
Oxalis_spiralis,Zuloaga11469,MH220859,NA,NA,NA,NA,NA,NA,NA,NA
Oxalis_spiralis,Zuloaga11633,MH220860,NA,NA,NA,NA,NA,NA,NA,NA
Oxalis_squamata,Zuloaga12520,MH220855,MH998368,NA,NA,NA,NA,NA,NA,NA
Oxalis_squamata,HeiblPfanzelt05-027,JN634752,NA,NA,NA,NA,NA,NA,NA,NA
Oxalis_squarrosa,Munoz_4534,JN634753,NA,NA,NA,NA,NA,NA,NA,NA
Oxalis_subacaulis,Salomon245,MH220865,MH998373,NA,NA,NA,NA,NA,NA,NA
Oxalis_valdiviensis,ZavalaGallo81,MH220853,MH998366,NA,NA,NA,NA,NA,NA,NA
Oxalis_valdiviensis,ZavalaGallo128,MH220852,NA,NA,NA,NA,NA,NA,NA,NA
Oxalis_valdiviensis,HeiblPfanzelt05-016,JN634755,NA,NA,NA,NA,NA,NA,NA,NA
Oxalis_virgosa,Heibl03-031,JN634756,JN607505,NA,NA,NA,NA,NA,NA,NA
Oxalis_urbaniana,Oberlander32,NA,NA,NA,NA,AJ582362,NA,NA,NA,NA
Oxalis_adspersa,Dreyer635,NA,NA,NA,NA,AJ582290,NA,NA,NA,NA
Oxalis_argillacea,Dreyer786,NA,NA,NA,NA,AJ582294,NA,NA,NA,NA
Oxalis_argyrophylla,Oberlander40,NA,NA,NA,NA,AJ582295,NA,NA,NA,NA
Oxalis_aridicola,Dreyer672,NA,NA,NA,NA,AJ582296,NA,NA,NA,NA
Oxalis_bifida,Dreyer608,NA,NA,NA,NA,AJ582297,NA,NA,NA,NA
Oxalis_blastorrhiza,Dreyer788,NA,NA,NA,NA,AJ582298,NA,NA,NA,NA
Oxalis_burkei,Dreyer618,NA,NA,NA,NA,AJ582299,NA,NA,NA,NA
Oxalis_burtoniae,Oberlander31,NA,NA,NA,NA,AJ582300,NA,NA,NA,NA
Oxalis_campicola,Dreyer780,NA,NA,NA,NA,AJ582301,NA,NA,NA,NA
Oxalis_campylorrhiza,Dreyer696,NA,NA,NA,NA,AJ582302,NA,NA,NA,NA
Oxalis_capillacea,Dreyer627,NA,NA,NA,NA,AJ582303,NA,NA,NA,NA
Oxalis_capillacea,Dreyer625,NA,NA,NA,NA,AJ582304,NA,NA,NA,NA
Oxalis_caprina,Oberlander1,NA,NA,NA,NA,AJ582305,NA,NA,NA,NA
Oxalis_cf_helicoides,Dreyer688,NA,NA,NA,NA,AJ582306,NA,NA,NA,NA
Oxalis_ciliaris,Dreyer613,NA,NA,NA,NA,AJ582307,NA,NA,NA,NA
Oxalis_commutata,Dreyer606,NA,NA,NA,NA,AJ582308,NA,NA,NA,NA
Oxalis_comptonii,Dreyer802,NA,NA,NA,NA,AJ582309,NA,NA,NA,NA
Oxalis_corniculata,Oberlander25,NA,NA,NA,NA,AJ582310,NA,NA,NA,NA
Oxalis_crocea,Dreyer693,NA,NA,NA,NA,AJ582311,NA,NA,NA,NA
Oxalis_dentata,DreyerOberlander8,NA,NA,NA,NA,AJ582312,NA,NA,NA,NA
Oxalis_dregei,Oberlander19,NA,NA,NA,NA,AJ582313,NA,NA,NA,NA
Oxalis_ebracteata,Dreyer644,NA,NA,NA,NA,AJ582314,NA,NA,NA,NA
Oxalis_eckloniana,Dreyer628,NA,NA,NA,NA,AJ582315,NA,NA,NA,NA
Oxalis_engleriana,Oberlander10,NA,NA,NA,NA,AJ582316,NA,NA,NA,NA
Oxalis_exserta,Dreyer686,NA,NA,NA,NA,AJ582317,NA,NA,NA,NA
Oxalis_flava,Dreyer614,NA,NA,NA,NA,AJ582318,NA,NA,NA,NA
Oxalis_flaviuscula,Dreyer701,NA,NA,NA,NA,AJ582319,NA,NA,NA,NA
Oxalis_furcillata,Oberlander22,NA,NA,NA,NA,AJ582320,NA,NA,NA,NA
Oxalis_giftbergensis,Dreyer798,NA,NA,NA,NA,AJ582321,NA,NA,NA,NA
Oxalis_glabra,DreyerOberlander13,NA,NA,NA,NA,AJ582322,NA,NA,NA,NA
Oxalis_grammophylla,Dreyer670,NA,NA,NA,NA,AJ582323,NA,NA,NA,NA
Oxalis_hirta,Dreyer646,NA,NA,NA,NA,AJ582324,NA,NA,NA,NA
Oxalis_knuthiana,Dreyer721,NA,NA,NA,NA,AJ582325,NA,NA,NA,NA
Oxalis_latifolia,Oberlander23,NA,NA,NA,NA,AJ582326,NA,NA,NA,NA
Oxalis_leptogramma,Dreyer617,NA,NA,NA,NA,AJ582327,NA,NA,NA,NA
Oxalis_lichenoides,Dreyer785,NA,NA,NA,NA,AJ582328,NA,NA,NA,NA
Oxalis_linearis,Dreyer679,NA,NA,NA,NA,AJ582329,NA,NA,NA,NA
Oxalis_louisae,Dreyer708,NA,NA,NA,NA,AJ582330,NA,NA,NA,NA
Oxalis_luteola,Oberlander26,NA,NA,NA,NA,AJ582331,NA,NA,NA,NA
Oxalis_melanosticta,Dreyer622,NA,NA,NA,NA,AJ582332,NA,NA,NA,NA
Oxalis_minuta_var_callosa,KumwendaDreyer1,NA,NA,NA,NA,AJ582333,NA,NA,NA,NA
Oxalis_minuta_var_minuta,Dreyer727,NA,NA,NA,NA,AJ582334,NA,NA,NA,NA
Oxalis_monophylla,DreyerOberlander9,NA,NA,NA,NA,AJ582335,NA,NA,NA,NA
Oxalis_namaquana,Dreyer713,NA,NA,NA,NA,AJ582336,NA,NA,NA,NA
Oxalis_nidulans,Dreyer752,NA,NA,NA,NA,AJ582337,NA,NA,NA,NA
Oxalis_obtusa,Dreyer691,NA,NA,NA,NA,AJ582338,NA,NA,NA,NA
Oxalis_oculifera,Dreyer799,NA,NA,NA,NA,AJ582339,NA,NA,NA,NA
Oxalis_oligophylla,Dreyer797,NA,NA,NA,NA,AJ582340,NA,NA,NA,NA
Oxalis_oreophila,Dreyer666,NA,NA,NA,NA,AJ582341,NA,NA,NA,NA
Oxalis_pallens,Dreyer654,NA,NA,NA,NA,AJ582342,NA,NA,NA,NA
Oxalis_pes-caprae,Dreyer662,NA,NA,NA,NA,AJ582343,NA,NA,NA,NA
Oxalis_pocockiae,Dreyer626,NA,NA,NA,NA,AJ582344,NA,NA,NA,NA
Oxalis_polyphylla,DreyerOberlander10,NA,NA,NA,NA,AJ582345,NA,NA,NA,NA
Oxalis_primuloides,Dreyer711,NA,NA,NA,NA,AJ582346,NA,NA,NA,NA
Oxalis_pulchella,Dreyer612,NA,NA,NA,NA,AJ582347,NA,NA,NA,NA
Oxalis_punctata,DreyerOberlander11,NA,NA,NA,NA,AJ582367,NA,NA,NA,NA
Oxalis_purpurascens,Dreyer634,NA,NA,NA,NA,AJ582348,NA,NA,NA,NA
Oxalis_purpurea,Oberlander24,NA,NA,NA,NA,AJ582349,NA,NA,NA,NA
Oxalis_pusilla,Dreyer746,NA,NA,NA,NA,AJ582350,NA,NA,NA,NA
Oxalis_reclinata,Dreyer718,NA,NA,NA,NA,AJ582351,NA,NA,NA,NA
Oxalis_salteri,Dreyer784,NA,NA,NA,NA,AJ582352,NA,NA,NA,NA
Oxalis_stenopetala,Dreyer675,NA,NA,NA,NA,AJ582353,NA,NA,NA,NA
Oxalis_stenopetala,DreyerN,NA,NA,NA,NA,AJ582354,NA,NA,NA,NA
Oxalis_stictocheila,Dreyer749,NA,NA,NA,NA,AJ582355,NA,NA,NA,NA
Oxalis_tenella,Dreyer639,NA,NA,NA,NA,AJ582356,NA,NA,NA,NA
Oxalis_tenuifolia,Oberlander27,NA,NA,NA,NA,AJ582357,NA,NA,NA,NA
Oxalis_tenuipes,Dreyer800,NA,NA,NA,NA,AJ582358,NA,NA,NA,NA
Oxalis_tenuis,Dreyer793,NA,NA,NA,NA,AJ582359,NA,NA,NA,NA
Oxalis_tomentosa,DreyerOberlander12,NA,NA,NA,NA,AJ582360,NA,NA,NA,NA
Oxalis_truncatula,Dreyer605,NA,NA,NA,NA,AJ582361,NA,NA,NA,NA
Oxalis_versicolor,Oberlander34,NA,NA,NA,NA,AJ582363,NA,NA,NA,NA
Oxalis_viscosa,Dreyer642,NA,NA,NA,NA,AJ582364,NA,NA,NA,NA
Oxalis_xantha,Dreyer671,NA,NA,NA,NA,AJ582365,NA,NA,NA,NA
Oxalis_acetosella,Walter7182,EU436870,NA,NA,NA,EU437036,NA,NA,NA,NA
Oxalis_articulata_forma_crassipes,Emshwiller146,NA,NA,NA,NA,EU437146,NA,NA,NA,NA
Oxalis_articulata,UnknownN,Z66545,NA,NA,NA,NA,NA,NA,NA,NA
Oxalis_barrelieri,DBellstedt809,EU436866,NA,NA,NA,EU437033,NA,NA,NA,NA
Oxalis_brasiliensis,Holmes0008,EU436879,NA,NA,NA,EU437044,NA,NA,NA,NA
Oxalis_cf_megalorrhiza,Dreyer809,EU436871,NA,NA,NA,EU437037,NA,NA,NA,NA
Oxalis_corniculata,Emshwiller793,NA,NA,NA,NA,EU437126,NA,NA,NA,NA
Oxalis_corniculata,Oberlander0025,EU436867,NA,NA,NA,NA,NA,NA,NA,NA
Oxalis_debilis_var_debilis,Emshwiller171,NA,NA,NA,NA,EU437144,NA,NA,NA,NA
Oxalis_debilis_var_corymbosa,Emshwiller445,U74290,NA,NA,NA,NA,NA,NA,NA,NA
Oxalis_dillenii,Walter6565,EU436868,NA,NA,NA,NA,NA,NA,NA,NA
Oxalis_dillenii,Emshwiller1160,NA,NA,NA,NA,AJ582310,NA,NA,NA,NA
Oxalis_hypsophila,Dreyer805,EU436874,NA,NA,NA,EU437040,NA,NA,NA,NA
Oxalis_latifolia,Oberlander0023,EU436875,NA,NA,NA,AJ582326,NA,NA,NA,NA
Oxalis_micrantha,Emshwiller744,AF470234,NA,NA,NA,EU437140,NA,NA,NA,NA
Oxalis_pachyrrhiza,Emshwiller387,U74275,NA,NA,NA,EU437138,NA,NA,NA,NA
Oxalis_perdicaria,Botrand0002,EU436878,NA,NA,NA,EU437043,NA,NA,NA,NA
Oxalis_spiralis,Emshwiller590,NA,NA,NA,NA,EU437130,NA,NA,NA,NA
Oxalis_spiralis,Emshwiller187,AF098977,NA,NA,NA,NA,NA,NA,NA,NA
Oxalis_stricta,Walter6518,EU436869,NA,NA,NA,EU437035,NA,NA,NA,NA
Oxalis_tetraphylla,Holmes0009,EU436877,NA,NA,NA,EU437042,NA,NA,NA,NA
Oxalis_triangularis_subsp_papilionacea,Emshwiller456,NA,NA,NA,NA,EU437141,NA,NA,NA,NA
Oxalis_triangularis_subsp_triangularis,MO1165,FJ410328,NA,NA,NA,NA,NA,NA,NA,NA
Oxalis_valdiviensis,Botrand0001,EU436873,NA,NA,NA,EU437039,NA,NA,NA,NA
Oxalis_virgata,Emshwiller292,U74267,NA,NA,NA,EU437131,NA,NA,NA,NA
Oxalis_vulcanicola,MO702,EU436872,NA,NA,NA,EU437038,NA,NA,NA,NA
Oxalis_adspersa,Dreyer635,EU436936,NA,NA,NA,AJ582290,NA,NA,NA,NA
Oxalis_aridicola,Dreyer672,EU436977,NA,NA,NA,AJ582296,NA,NA,NA,NA
Oxalis_campylorrhiza,Dreyer696,EU436947,NA,NA,NA,AJ582302,NA,NA,NA,NA
Oxalis_caprina,DreyerOberlander0001,EU436892,NA,NA,NA,AJ582305,NA,NA,NA,NA
Oxalis_commutata,Dreyer606,EU436898,NA,NA,NA,AJ582308,NA,NA,NA,NA
Oxalis_dentata,Cilliers0004,EU436888,NA,NA,NA,AJ582312,NA,NA,NA,NA
Oxalis_dregei,Mucina210903/11,EU436930,NA,NA,NA,AJ582313,NA,NA,NA,NA
Oxalis_ebracteata,Dreyer644,EU436990,NA,NA,NA,AJ582314,NA,NA,NA,NA
Oxalis_eckloniana,Dreyer628,EU437025,NA,NA,NA,AJ582315,NA,NA,NA,NA
Oxalis_engleriana,Oberlander0010,EU436961,NA,NA,NA,AJ582316,NA,NA,NA,NA
Oxalis_grammophylla,Dreyer670,EU437016,NA,NA,NA,AJ582323,NA,NA,NA,NA
Oxalis_hirta,Dreyer646,EU436971,NA,NA,NA,AJ582324,NA,NA,NA,NA
Oxalis_lichenoides,Dreyer785,EU436919,NA,NA,NA,AJ582328,NA,NA,NA,NA
Oxalis_linearis,Dreyer679,EU436972,NA,NA,NA,AJ582329,NA,NA,NA,NA
Oxalis_monophylla,DreyerOberlander0003,EU436927,NA,NA,NA,AJ582335,NA,NA,NA,NA
Oxalis_obtusa,Dreyer691,EU436922,NA,NA,NA,AJ582338,NA,NA,NA,NA
Oxalis_oculifera,Dreyer799,EU436953,NA,NA,NA,AJ582339,NA,NA,NA,NA
Oxalis_oligophylla,Dreyer797,EU437023,NA,NA,NA,AJ582340,NA,NA,NA,NA
Oxalis_oreophila,Dreyer666,EU436975,NA,NA,NA,AJ582341,NA,NA,NA,NA
Oxalis_pes-caprae,Dreyer662,EU436882,NA,NA,NA,AJ582343,NA,NA,NA,NA
Oxalis_pulchella,Dreyer612,EU436907,NA,NA,NA,AJ582347,NA,NA,NA,NA
Oxalis_purpurea,Oberlander0024,EU436902,NA,NA,NA,AJ582349,NA,NA,NA,NA
Oxalis_reclinata,Dreyer688,FJ410329,NA,NA,NA,FJ410330,NA,NA,NA,NA
Oxalis_salteri,Dreyer784,EU436932,NA,NA,NA,AJ582352,NA,NA,NA,NA
Oxalis_stenopetala,Dreyer675,EU436983,NA,NA,NA,AJ582353,NA,NA,NA,NA
Oxalis_tenella,Dreyer639,EU436978,NA,NA,NA,AJ582356,NA,NA,NA,NA
Oxalis_urbaniana,Bytebier_2015,EU436999,NA,NA,NA,AJ582362,NA,NA,NA,NA
Oxalis_versicolor,Oberlander0034,EU437006,NA,NA,NA,AJ582363,NA,NA,NA,NA
Oxalis_viscosa,Dreyer642,EU436949,NA,NA,NA,AJ582364,NA,NA,NA,NA
Oxalis_xantha,Dreyer671,EU436980,NA,NA,NA,AJ582365,NA,NA,NA,NA
Oxalis_sp,Mannheimer2591,EU436885,NA,NA,NA,EU437047,NA,NA,NA,EU437174
Oxalis_cf_canaliculata,BayerN,EU436946,NA,NA,NA,EU437088,NA,NA,NA,EU437232
Oxalis_acetosella,Walter7182,EU436870,NA,NA,NA,EU437036,NA,NA,NA,EU437159
Oxalis_adenodes,Dreyer716,EU436903,NA,NA,NA,EU437060,NA,NA,NA,EU437191
Oxalis_adspersa,Dreyer635,EU436936,NA,NA,NA,AJ582290,NA,NA,NA,EU437223
Oxalis_ambigua,Oberlander0140,EU436905,NA,NA,NA,EU437061,NA,NA,NA,EU437193
Oxalis_amblyodonta,Bayer7397,EU437007,NA,NA,NA,EU437116,NA,NA,NA,EU437293
Oxalis_amblyosepala,Oberlander0168,EU436982,NA,NA,NA,EU437105,NA,NA,NA,EU437268
Oxalis_annae,Mucina170903/3,EU436920,NA,NA,NA,EU437072,NA,NA,NA,EU437208
Oxalis_argillacea,Dreyer786,EU436940,NA,NA,NA,AJ582294,NA,NA,NA,EU437227
Oxalis_argyrophylla,Oberlander0040,EU437005,NA,NA,NA,AJ582295,NA,NA,NA,EU437291
Oxalis_aridicola,Dreyer672,EU436977,NA,NA,NA,AJ582296,NA,NA,NA,EU437263
Oxalis_attaquana,Bayer7007,EU436918,NA,NA,NA,EU437071,NA,NA,NA,EU437206
Oxalis_aurea,Dreyer771,EU436935,NA,NA,NA,EU437080,NA,NA,NA,EU437222
Oxalis_barrelieri,Bellstedt809,EU436866,NA,NA,NA,EU437033,NA,NA,NA,EU437155
Oxalis_bifida,Dreyer608,EU437017,NA,NA,NA,AJ582297,NA,NA,NA,EU437303
Oxalis_bifurca,Bellstedt764,EU436965,NA,NA,NA,EU437100,NA,NA,NA,EU437251
Oxalis_blastorrhiza,Dreyer788,EU436974,NA,NA,NA,AJ582298,NA,NA,NA,EU437260
Oxalis_bowiei,MO502cfbowiei,EU436895,NA,NA,NA,EU437055,NA,NA,NA,EU437183
Oxalis_brasiliensis,Holmes0008,EU436879,NA,NA,NA,EU437044,NA,NA,NA,EU437168
Oxalis_bullulata,Dreyer792,EU436908,NA,NA,NA,EU437063,NA,NA,NA,EU437196
Oxalis_burkei,Dreyer618,EU437029,NA,NA,NA,AJ582299,NA,NA,NA,NA
Oxalis_burtoniae,Oberlander0031,EU437008,NA,NA,NA,AJ582300,NA,NA,NA,EU437294
Oxalis_callosa,Oberlander0120,EU436973,NA,NA,NA,EU437103,NA,NA,NA,EU437259
Oxalis_camelopardalis,Oberlander0071,EU437012,NA,NA,NA,EU437119,NA,NA,NA,EU437298
Oxalis_campicola,Dreyer780,EU436981,NA,NA,NA,AJ582301,NA,NA,NA,EU437267
Oxalis_campylorrhiza,Dreyer696,EU436947,NA,NA,NA,AJ582302,NA,NA,NA,EU437233
Oxalis_aff_campylorrhiza,Dreyer689,EU436948,NA,NA,NA,EU437089,NA,NA,NA,EU437234
Oxalis_capillacea,Dreyer625,EU437013,NA,NA,NA,AJ582304,NA,NA,NA,EU437299
Oxalis_caprina,DreyerOberlander0001,EU436892,NA,NA,NA,AJ582305,NA,NA,NA,EU437180
Oxalis_cathara,MO582cathara,EU436931,NA,NA,NA,EU437077,NA,NA,NA,EU437218
Oxalis_ciliaris,Dreyer613,EU436979,NA,NA,NA,AJ582307,NA,NA,NA,EU437265
Oxalis_clavifolia,Oberlander0141,EU436951,NA,NA,NA,EU437090,NA,NA,NA,EU437237
Oxalis_commutata,Dreyer606,EU436898,NA,NA,NA,AJ582308,NA,NA,NA,EU437186
Oxalis_comosa,Mucina220901/30A,EU436954,NA,NA,NA,EU437091,NA,NA,NA,EU437240
Oxalis_compressa,BayerOberlander0009,EU436883,NA,NA,NA,EU437046,NA,NA,NA,EU437172
Oxalis_comptonii,Dreyer802,EU436985,NA,NA,NA,AJ582309,NA,NA,NA,EU437272
Oxalis_confertifolia,Oberlander0075,EU437011,NA,NA,NA,EU437118,NA,NA,NA,EU437297
Oxalis_convexula,Oberlander0014,EU436913,NA,NA,NA,EU437067,NA,NA,NA,EU437201
Oxalis_copiosa,Oberlander0021,EU436887,NA,NA,NA,EU437049,NA,NA,NA,EU437176
Oxalis_corniculata,Oberlander0025,EU436867,NA,NA,NA,AJ582310,NA,NA,NA,EU437156
Oxalis_crocea,Dreyer693,EU436950,NA,NA,NA,AJ582311,NA,NA,NA,EU437236
Oxalis_cuneata,Dreyer791,EU436969,NA,NA,NA,EU437101,NA,NA,NA,EU437255
Oxalis_densa,Oberlander0169,EU436921,NA,NA,NA,EU437073,NA,NA,NA,EU437209
Oxalis_dentata,Cilliers0004,EU436888,NA,NA,NA,AJ582312,NA,NA,NA,EU437177
Oxalis_depressa,Oberlander0085,EU436909,NA,NA,NA,EU437064,NA,NA,NA,EU437197
Oxalis_deserticola,Oberlander0114,EU436939,NA,NA,NA,EU437083,NA,NA,NA,EU437226
Oxalis_dichotoma,Oberlander0052,EU436893,NA,NA,NA,EU437053,NA,NA,NA,EU437181
Oxalis_dilatata,BayerOberlander0014,EU436910,NA,NA,NA,EU437065,NA,NA,NA,EU437198
Oxalis_dillenii,Walter6565,EU436868,NA,NA,NA,EU437034,NA,NA,NA,EU437157
Oxalis_dines,Helme1355,EU436943,NA,NA,NA,EU437085,NA,NA,NA,NA
Oxalis_disticha,Oberlander0159,EU436942,NA,NA,NA,EU437084,NA,NA,NA,EU437229
Oxalis_dregei,Mucina210903/11,EU436930,NA,NA,NA,AJ582313,NA,NA,NA,EU437217
Oxalis_droseroides,Oberlander0079,EU436994,NA,NA,NA,EU437111,NA,NA,NA,EU437280
Oxalis_duriuscula,Oberlander0082,EU437020,NA,NA,NA,EU437123,NA,NA,NA,EU437306
Oxalis_ebracteata,Dreyer644,EU436990,NA,NA,NA,AJ582314,NA,NA,NA,EU437276
Oxalis_eckloniana,Dreyer628,EU437025,NA,NA,NA,AJ582315,NA,NA,NA,EU437311
Oxalis_engleriana,Oberlander0010,EU436961,NA,NA,NA,AJ582316,NA,NA,NA,EU437247
Oxalis_exserta,Dreyer686,EU436967,NA,NA,NA,AJ582317,NA,NA,NA,EU437253
Oxalis_fabaefolia,Dreyer721/A,EU436925,NA,NA,NA,EU437075,NA,NA,NA,EU437212
Oxalis_falcatula,Oberlander0096,EU436992,NA,NA,NA,EU437109,NA,NA,NA,EU437278
Oxalis_fergusoniae,Oberlander0111,EU436912,NA,NA,NA,EU437066,NA,NA,NA,EU437200
Oxalis_fibrosa,Oberlander0051,EU436958,NA,NA,NA,EU437095,NA,NA,NA,EU437244
Oxalis_flava,Dreyer614,EU436924,NA,NA,NA,AJ582318,NA,NA,NA,EU437211
Oxalis_flaviuscula,Dreyer701,EU436929,NA,NA,NA,AJ582319,NA,NA,NA,EU437216
Oxalis_fourcadei,BeanVlok2046,EU436923,NA,NA,NA,EU437074,NA,NA,NA,NA
Oxalis_furcillata,Oberlander0022,EU436952,NA,NA,NA,AJ582320,NA,NA,NA,EU437238
Oxalis_giftbergensis,Dreyer796,EU436988,NA,NA,NA,AJ582321,NA,NA,NA,EU437274
Oxalis_glabra,Mucina170601/2,EU437000,NA,NA,NA,AJ582322,NA,NA,NA,EU437286
Oxalis_goniorrhiza,Oberlander0157,EU437002,NA,NA,NA,EU437114,NA,NA,NA,EU437288
Oxalis_gracilipes,Dreyer645,EU436991,NA,NA,NA,EU437108,NA,NA,NA,EU437277
Oxalis_gracilis,Oberlander123,EU436976,NA,NA,NA,EU437104,NA,NA,NA,EU437262
Oxalis_grammopetala,Oberlander0156,EU436906,NA,NA,NA,EU437062,NA,NA,NA,EU437194
Oxalis_grammophylla,Dreyer670,EU437016,NA,NA,NA,AJ582323,NA,NA,NA,EU437302
Oxalis_haedulipes,Mucina180903/9,EU436886,NA,NA,NA,EU437048,NA,NA,NA,EU437175
Oxalis_heterophylla,BayerOberlander0008,EU437018,NA,NA,NA,EU437121,NA,NA,NA,EU437304
Oxalis_hirta,Dreyer646,EU436971,NA,NA,NA,AJ582324,NA,NA,NA,EU437257
Oxalis_hygrophila,KumwendaDreyer0001,EU437024,NA,NA,NA,AJ582333,NA,NA,NA,EU437310
Oxalis_hypsophila,Dreyer805,EU436874,NA,NA,NA,EU437040,NA,NA,NA,EU437163
Oxalis_imbricata,Oberlander0062,EU436896,NA,NA,NA,EU437056,NA,NA,NA,EU437184
Oxalis_incarnata,Oberlander0063,EU436957,NA,NA,NA,EU437094,NA,NA,NA,EU437243
Oxalis_inconspicua,Dreyer707,EU436944,NA,NA,NA,EU437086,NA,NA,NA,EU437230
Oxalis_kamiesbergensis,MO592cfkamiebergensis,EU436970,NA,NA,NA,EU437102,NA,NA,NA,EU437256
Oxalis_knuthiana,Dreyer721,EU436884,NA,NA,NA,AJ582325,NA,NA,NA,EU437173
Oxalis_lanata,Dreyer751,EU437027,NA,NA,NA,EU437125,NA,NA,NA,NA
Oxalis_lasiandra,MO455,EU436876,NA,NA,NA,EU437041,NA,NA,NA,EU437165
Oxalis_lateriflora,Dreyer651,EU436890,NA,NA,NA,EU437051,NA,NA,NA,NA
Oxalis_lateriflora,Dreyer652,NA,NA,NA,NA,NA,NA,NA,NA,EU437178
Oxalis_latifolia,Oberlander0023,EU436875,NA,NA,NA,AJ582326,NA,NA,NA,EU437164
Oxalis_leptocalyx,Oberlander0076,EU437001,NA,NA,NA,EU437113,NA,NA,NA,EU437287
Oxalis_leptogramma,Dreyer617,EU437014,NA,NA,NA,AJ582327,NA,NA,NA,EU437300
Oxalis_lichenoides,Dreyer785,EU436919,NA,NA,NA,AJ582328,NA,NA,NA,EU437207
Oxalis_linearis,Dreyer679,EU436972,NA,NA,NA,AJ582329,NA,NA,NA,EU437258
Oxalis_livida,Oberlander0078,EU436889,NA,NA,NA,EU437050,NA,NA,NA,NA
Oxalis_louisae,Dreyer708,EU436928,NA,NA,NA,AJ582330,NA,NA,NA,EU437215
Oxalis_luteola,Oberlander0026,EU436904,NA,NA,NA,AJ582331,NA,NA,NA,EU437192
Oxalis_massoniana,Holmes0016,EU437015,NA,NA,NA,EU437120,NA,NA,NA,EU437301
Oxalis_meisneri,Oberlander0088,EU436993,NA,NA,NA,EU437110,NA,NA,NA,EU437279
Oxalis_melanosticta,Dreyer622,EU436901,NA,NA,NA,AJ582332,NA,NA,NA,EU437189
Oxalis_minuta,Dreyer727,EU437028,NA,NA,NA,AJ582334,NA,NA,NA,NA
Oxalis_monophylla,DreyerOberlander0003,EU436927,NA,NA,NA,AJ582335,NA,NA,NA,EU437214
Oxalis_multicaulis,Oberlander0080,EU436998,NA,NA,NA,EU437112,NA,NA,NA,EU437284
Oxalis_namaquana,Dreyer713,EU436941,NA,NA,NA,AJ582336,NA,NA,NA,EU437228
Oxalis_natans,Oberlander0160,EU437009,NA,NA,NA,EU437117,NA,NA,NA,EU437295
Oxalis_nidulans,Dreyer752,EU437026,NA,NA,NA,AJ582337,NA,NA,NA,EU437312
Oxalis_nortieri,Oberlander0112,EU436914,NA,NA,NA,EU437068,NA,NA,NA,EU437202
Oxalis_obliquifolia,Bellstedt711,EU436915,NA,NA,NA,EU437069,NA,NA,NA,EU437203
Oxalis_obtusa,Dreyer691,EU436922,NA,NA,NA,AJ582338,NA,NA,NA,EU437210
Oxalis_oculifera,Dreyer799,EU436953,NA,NA,NA,AJ582339,NA,NA,NA,EU437239
Oxalis_oligophylla,Dreyer797,EU437023,NA,NA,NA,AJ582340,NA,NA,NA,EU437309
Oxalis_orbicularis,Oberlander0066,EU436899,NA,NA,NA,EU437058,NA,NA,NA,EU437187
Oxalis_oreophila,Dreyer666,EU436975,NA,NA,NA,AJ582341,NA,NA,NA,EU437261
Oxalis_orthopoda,Oberlander0068,EU436956,NA,NA,NA,EU437093,NA,NA,NA,EU437242
Oxalis_cf_pachyrrhiza,Dreyer809,EU436871,NA,NA,NA,EU437037,NA,NA,NA,EU437160
Oxalis_pallens,Dreyer654,EU436997,NA,NA,NA,AJ582342,NA,NA,NA,EU437283
Oxalis_palmifrons,Holmes0019,EU437021,NA,NA,NA,EU437124,NA,NA,NA,EU437307
Oxalis_pendulifolia,Oberlander0067,EU437019,NA,NA,NA,EU437122,NA,NA,NA,EU437305
Oxalis_perdicaria,Botrand0002,EU436878,NA,NA,NA,EU437043,NA,NA,NA,EU437167
Oxalis_pes-caprae,Dreyer662,EU436882,NA,NA,NA,AJ582343,NA,NA,NA,EU437171
Oxalis_phloxidiflora,Dreyer678,EU436984,NA,NA,NA,EU437106,NA,NA,NA,EU437270
Oxalis_pillansiana,Oberlander0135,EU436938,NA,NA,NA,EU437082,NA,NA,NA,EU437225
Oxalis_pocockiae,Dreyer626,EU436911,NA,NA,NA,AJ582344,NA,NA,NA,EU437199
Oxalis_polyphylla,Cilliers0002,EU437010,NA,NA,NA,AJ582345,NA,NA,NA,EU437296
Oxalis_porphyriosiphon,Oberlander0167,EU436987,NA,NA,NA,EU437107,NA,NA,NA,EU437273
Oxalis_primuloides,Dreyer711,EU436966,NA,NA,NA,AJ582346,NA,NA,NA,EU437252
Oxalis_pseudocernua,Craven4781,EU436880,NA,NA,NA,EU437045,NA,NA,NA,EU437169
Oxalis_psilopoda,Oberlander0064,EU436891,NA,NA,NA,EU437052,NA,NA,NA,EU437179
Oxalis_pulchella,Dreyer612,EU436907,NA,NA,NA,AJ582347,NA,NA,NA,EU437195
Oxalis_cf_pulvinata,MO576cfpulvinata,EU436926,NA,NA,NA,EU437076,NA,NA,NA,EU437213
Oxalis_punctata,Cilliers0005,EU436917,NA,NA,NA,AJ582367,NA,NA,NA,EU437205
Oxalis_purpurascens,Dreyer634,EU436881,NA,NA,NA,AJ582348,NA,NA,NA,EU437170
Oxalis_purpurea,Oberlander0024,EU436902,NA,NA,NA,AJ582349,NA,NA,NA,EU437190
Oxalis_pusilla,Dreyer746,EU437004,NA,NA,NA,AJ582350,NA,NA,NA,EU437290
Oxalis_reclinata,Dreyer718,EU436968,NA,NA,NA,AJ582351,NA,NA,NA,EU437254.
Oxalis_recticaulis,Oberlander0170,EU437003,NA,NA,NA,EU437115,NA,NA,NA,EU437289
Oxalis_salteri,Dreyer784,EU436932,NA,NA,NA,AJ582352,NA,NA,NA,EU437219
Oxalis_setosa,Bellstedt770,EU436916,NA,NA,NA,EU437070,NA,NA,NA,EU437204
Oxalis_smithiana,Bellstedt699,EU436964,NA,NA,NA,EU437099,NA,NA,NA,EU437250
Oxalis_sonderiana,Dreyer694,EU436945,NA,NA,NA,EU437087,NA,NA,NA,EU437231
Oxalis_stellata,Oberlander0086,EU436894,NA,NA,NA,EU437054,NA,NA,NA,EU437182
Oxalis_stenopetala,Dreyer675,EU436983,NA,NA,NA,AJ582353,NA,NA,NA,EU437269
Oxalis_stenoptera,Oberlander0138,EU436934,NA,NA,NA,EU437079,NA,NA,NA,EU437221
Oxalis_stictocheila,Dreyer749,EU436996,NA,NA,NA,AJ582355,NA,NA,NA,EU437282
Oxalis_stricta,Walter6518,EU436869,NA,NA,NA,EU437035,NA,NA,NA,EU437158
Oxalis_strigosa,Oberlander0093,EU436959,NA,NA,NA,EU437096,NA,NA,NA,EU437245
Oxalis_suavis,Oberlander0075,EU436937,NA,NA,NA,EU437081,NA,NA,NA,EU437224
Oxalis_suteroides,Oberlander0115,EU436963,NA,NA,NA,EU437098,NA,NA,NA,EU437249
Oxalis_tenella,Dreyer639,EU436978,NA,NA,NA,AJ582356,NA,NA,NA,EU437264
Oxalis_tenuifolia,Oberlander0027,EU436995,NA,NA,NA,EU437112,NA,NA,NA,EU437281
Oxalis_tenuipes,Dreyer800,EU436986,NA,NA,NA,AJ582358,NA,NA,NA,EU437271
Oxalis_tenuis,Dreyer793,EU436989,NA,NA,NA,AJ582359,NA,NA,NA,EU437275
Oxalis_tetraphylla,MO392cftetraphylla,EU436877,NA,NA,NA,EU437042,NA,NA,NA,EU437166
Oxalis_tomentosa,Roller0006,EU437022,NA,NA,NA,AJ582360,NA,NA,NA,EU437308
Oxalis_cf_tragopoda,MO490cftragopoda,EU436897,NA,NA,NA,EU437057,NA,NA,NA,EU437185
Oxalis_truncatula,Dreyer605,EU436960,NA,NA,NA,AJ582361,NA,NA,NA,EU437246
Oxalis_uliginosa,MO394uliginosa,EU436933,NA,NA,NA,EU437078,NA,NA,NA,EU437220
Oxalis_urbaniana,Bytebier2015,EU436999,NA,NA,NA,AJ582362,NA,NA,NA,EU437285
Oxalis_valdiviensis,Botrand0001,EU436873,NA,NA,NA,EU437039,NA,NA,NA,EU437162
Oxalis_versicolor,Oberlander0034,EU437006,NA,NA,NA,AJ582363,NA,NA,NA,EU437292
Oxalis_virginea,MO580virginea,EU436955,NA,NA,NA,EU437092,NA,NA,NA,EU437241
Oxalis_viscosa,Dreyer642,EU436949,NA,NA,NA,AJ582364,NA,NA,NA,EU437235
Oxalis_vulcanicola,MO702cfhedysaroides,EU436872,NA,NA,NA,EU437038,NA,NA,NA,EU437161
Oxalis_xantha,Dreyer671,EU436980,NA,NA,NA,AJ582365,NA,NA,NA,EU437266
Oxalis_zeekoevleyensis,Oberlander0012,EU436900,NA,NA,NA,EU437059,NA,NA,NA,EU437188
Oxalis_zeyheri,MO590cfzeyheri,EU436962,NA,NA,NA,EU437097,NA,NA,NA,EU437248
Oxalis_peduncularis,UnknownN,AY356350,NA,NA,NA,NA,NA,NA,NA,NA
Oxalis_articulata,UnknownN,Z66545,NA,NA,NA,NA,NA,NA,NA,NA
Oxalis_villosula,UnknownN,Z66547,NA,NA,NA,NA,NA,NA,NA,NA
Oxalis_tuberosa,UnknownN,Z66546,NA,NA,NA,NA,NA,NA,NA,NA
Oxalis_corniculata,Vaio386,NA,NA,KC602036,NA,KC602060,NA,KC602088,NA,NA
Oxalis_corniculata,Vaio413,KC602003,NA,NA,NA,NA,NA,NA,NA,NA
Oxalis_corniculata,Emshwiller793,JN603192,NA,JN836781,NA,EU437126,NA,JN836851,NA,NA
Oxalis_corniculata,GardnerS1,KC602004,NA,KC602032,NA,KC602056,NA,KC602085,NA,NA
Oxalis_corniculata,Oberlander0025,EU436867,NA,NA,NA,NA,NA,EU437361,NA,NA
Oxalis_corniculata,Whang30690,EU274619,NA,NA,NA,NA,NA,NA,NA,NA
Oxalis_corniculata,Gravendeel723,JN634730,NA,NA,NA,NA,NA,NA,NA,NA
Oxalis_corniculata,shawpc1016I,JN407499,NA,NA,NA,NA,NA,NA,NA,NA
Oxalis_corniculata,Emshwiller992,KC602005,NA,KC602033,NA,KC602057,NA,KC602086,NA,NA
Oxalis_corniculata,KEW37915,KC602006,NA,KC602034,NA,KC602058,NA,NA,NA,NA
Oxalis_corniculata,Vaio259,KC602007,NA,KC602035,NA,KC602059,NA,KC602087,NA,NA
Oxalis_fontana,Whang30761,EU274622,NA,NA,NA,NA,NA,NA,NA,NA
Oxalis_stricta,Walter6518,EU436869,NA,NA,NA,EU437035,NA,NA,NA,NA
Oxalis_stricta,GardnerstrictaB,NA,NA,KC602037,NA,KC602061,NA,KC602089,NA,NA
Oxalis_calachaccensis,Emshwiller151,KC602008,NA,NA,NA,EU437127,NA,NA,NA,NA
Oxalis_calachaccensis,Emshwiller880X,KC602009,NA,KC602038,NA,KC602063,NA,NA,NA,NA
Oxalis_bisfracta,Emshwiller232,KC602010,NA,KC602039,NA,KC602065,NA,KC602091,NA,NA
Oxalis_dillenii,Walter6565,EU436868,NA,NA,NA,EU437034,NA,NA,NA,NA
Oxalis_dillenii,Emshwiller1160,NA,NA,NA,NA,KC602064,NA,KC602090,NA,NA
Oxalis_aureoflava,Munoz4871,JN634725,NA,NA,NA,JN620122,NA,NA,NA,NA
Oxalis_paludosa,Vaio479,KC602011,NA,KC602040,NA,KC602066,NA,KC602092,NA,NA
Oxalis_tenerrima,VaioC30,KC602012,NA,KC602041,NA,KC602067,NA,KC602093,NA,NA
Oxalis_tenerrima,VaioC25,KC602013,NA,NA,NA,NA,NA,NA,NA,NA
Oxalis_conorrhiza,Vaio86,KC602014,NA,NA,NA,NA,NA,KC602094,NA,NA
Oxalis_conorrhiza,Vaio206,NA,NA,KC602042,NA,KC602068,NA,KC602095,NA,NA
Oxalis_conorrhiza,Vaio175,KC602015,NA,NA,NA,KC602069,NA,KC602096,NA,NA
Oxalis_conorrhiza,Vaio528,KC602016,NA,NA,NA,NA,NA,NA,NA,NA
Oxalis_gyrorhiza,Heibl02-035,NA,NA,NA,NA,JN620129,NA,NA,NA,NA
Oxalis_niederleinii,Vaio190,KC602018,NA,KC602044,NA,KC602071,NA,KC602098,NA,NA
Oxalis_refracta,Vaio496,KC602019,NA,KC602045,NA,KC602072,NA,KC602099,NA,NA
Oxalis_eriocarpa,Vaio31,KC602020,NA,KC602046,NA,KC602073,NA,KC602100,NA,NA
Oxalis_dumetorum,Mihoc7330,JN634731,NA,NA,NA,NA,NA,NA,NA,NA
Oxalis_serpens,VaioC27,KC602017,NA,KC602043,NA,KC602070,NA,KC602097,NA,NA
Oxalis_bifrons,Fiaschi3633,KC602021,NA,KC602047,NA,KC602074,NA,KC602101,NA,NA
Oxalis_sarmentosa,VaioC13,KC602022,NA,KC602048,NA,KC602075,NA,KC602102,NA,NA
Oxalis_sarmentosa,VaioC35,KC602023,NA,NA,NA,NA,NA,NA,NA,NA
Oxalis_paranaensis,VaioC2,KC602024,NA,KC602049,NA,KC602076,NA,KC602103,NA,NA
Oxalis_debilis,Vaio62,JN836774,NA,JN836806,NA,JN836760,NA,JN836876,NA,NA
Oxalis_perdicaria,Vaio79,JN836772,NA,JN836808,NA,JN836762,NA,JN836878,NA,NA
Oxalis_floribunda,Vaio358,JN836767,NA,JN836790,NA,JN836758,NA,JN836861,NA,NA
Oxalis_acetosella,Emshwiller114,JN836783,NA,JN836783,NA,JN639537,NA,JN836853,NA,NA
Oxalis_tuberosa,Emshwiller97:50-02,JN603198,NA,JN836787,NA,KC602077,NA,KC602104,NA,NA
Oxalis_rosea,Lammers7916,JN603194,NA,JN836784,NA,JN639538,NA,JN836854,NA,NA
Oxalis_megalorrhiza,Emshwiller773,JN603196,NA,NA,NA,EU437139,NA,JN836856,NA,NA
Oxalis_psoraleoides,Vaio431,KC602030,NA,KC602054,NA,NA,NA,KC602109,NA,NA
Oxalis_psoraleoides,Emshwiller781,NA,NA,NA,NA,EU437128,NA,NA,NA,NA
Oxalis_rhombeo-ovata,Vaio526,KC602031,NA,NA,NA,KC602084,NA,KC602110,NA,NA
Oxalis_frutescens,Vaio426,KC602026,NA,KC602051,NA,KC602080,NA,KC602106,NA,NA
Oxalis_divaricata,Felix13386,KC602028,NA,KC602055,NA,KC602082,NA,KC602111,NA,NA
Oxalis_grisea,Vaio512,KC602025,NA,KC602050,NA,KC602079,NA,KC602105,NA,NA
Oxalis_glaucescens,Felix13539,KC602029,NA,KC602053,NA,KC602083,NA,KC602108,NA,NA
Oxalis_barrelieri,Vaio517,KC602027,NA,KC602052,NA,KC602081,NA,KC602107,NA,NA
Oxalis_articulata_forma_crassipes,Emshwiller463,JN618506,NA,JN836788,NA,NA,NA,JN836859,NA,NA
Oxalis_articulata_subsp_articulata,Vaio505,KX249612,NA,KX249662,NA,KX249636,NA,KX249639,NA,NA
Oxalis_articulata_subsp_rubra,Vaio226,KX249615,NA,KX249663,NA,KX249640,NA,KX249641,NA,NA
Oxalis_sp_Betete,Vaio297,KX249631,NA,KX249668,NA,KX249657,NA,KX249658,NA,NA
Oxalis_sp_Cuervos,Vaio294,KX249632,NA,KX249669,NA,KX249659,NA,KX249660,NA,NA
Oxalis_floribunda_subsp_floribunda,Vaio358,JN836767,NA,JN836790,NA,JN836758,NA,JN836861,NA,NA
Oxalis_floribunda_subsp_ostenii,Vaio388,KX249623,NA,KX249665,NA,KX249647,NA,KX249648,NA,NA
Oxalis_lasiopetala,Vaio87,KX249626,NA,KX249666,NA,KX249651,NA,KX249652,NA,NA
Oxalis_linarantha,Wasum3369,NA,NA,JN618508,NA,JN639541,NA,JN836862,NA,NA
Oxalis_linarantha,Fiaschi3710,KX249629,NA,NA,NA,NA,NA,NA,NA,NA
Oxalis_monticola,Vaio20,KX249630,NA,KX249667,NA,KX249655,NA,KX249656,NA,NA
Oxalis_triangularis_subsp_papilionacea,Emshwiller456,JN618512,NA,JN836793,NA,EU437141,NA,JN836864,NA,NA
Oxalis_geralensis,UnknownN,KX249625,NA,NA,NA,KX249650,NA,KX249649,NA,NA
Oxalis_perdicaria,Vaio79,JN836772,NA,JN836808,NA,JN836762,NA,JN836878,NA,NA
Oxalis_hernandesii,Gardner26,JN618533,NA,JN836828,NA,JN639567,NA,JN836896,NA,NA
Oxalis_flava,Dreyer614,EU436924,NA,NA,NA,AJ582318,NA,EU437372,NA,NA
Oxalis_incarnata,Emshwiller149,JN618509,NA,JN836791,NA,JN639542,NA,JN836863,NA,NA
Oxalis_pes-caprae,Emshwiller608,JN618510,NA,JN836792,NA,EU437145,NA,NA,NA,NA
Oxalis_adenophylla,GardnerADEPH1,JN618511,NA,JN836802,NA,JN639550,NA,JN836872,NA,NA
Oxalis_laciniata,HeiblMunozToro04-047,JN634737,NA,NA,NA,JN620134,NA,JN620097,NA,NA
Oxalis_enneaphylla,HeiblMunozToro04-047,JN634732,NA,NA,NA,JN620127,NA,JN620092,NA,NA
Oxalis_rosea,Heibl03-014,JN634751,NA,JN836784,NA,JN620150,NA,JN836854,NA,NA
Oxalis_alstonii,UnknownN,MH705067,NA,MH705088,NA,EU437129,NA,MH705080,NA,NA
Oxalis_articulata_subsp_articulata,Vaio242,KX249610,NA,KX249681,NA,KX249638,NA,NA,NA,NA
Oxalis_articulata_subsp_rubra,Vaio226,NA,NA,NA,NA,NA,NA,KX249641,NA,NA
Oxalis_barrelieri,UnknownN,KC602027,NA,KC602052,NA,KC602081,NA,KC602107,NA,NA
Oxalis_blackii,Costa115,MH705068,NA,MH705089,NA,MH705073,NA,MH705081,NA,NA
Oxalis_colatinensis,Fiaschi4625,MH705069,NA,MH705090,NA,MH705074,NA,MH705082,NA,NA
Oxalis_cratensis,Vaio404,NA,NA,MH705091,NA,MH705075,NA,MH705083,NA,NA
Oxalis_erosa,UnknownN,MH705070,NA,MH705092,NA,MH705076,NA,MH705084,NA,NA
Oxalis_floribunda,Vaio358,JN836767,NA,JN836790,NA,JN836758,NA,JN836861,NA,NA
Oxalis_frutescens,JPC29,MH705071,NA,MH705093,NA,MH705077,NA,MH705085,NA,NA
Oxalis_neuwiedii,EMA1336,MH705072,NA,MH705094,NA,MH705078,NA,MH705086,NA,NA
Oxalis_psoraleoides,Felix14001,KC602030,NA,KC602054,NA,EU437128,NA,KC602109,NA,NA
Oxalis_rhombeo-ovata,Vaio526,KC602031,NA,NA,NA,KC602084,NA,KC602110,NA,NA
Oxalis_umbraticola,UnknownN,NA,NA,MH705095,NA,MH705079,NA,MH705087,NA,NA
Oxalis_articulata_subsp_articulata,Vaio242,KX249610,NA,KX249681,NA,KX249638,NA,NA,NA,NA
Oxalis_nelsonii,Gardner66,JN618559,NA,N836841,NA,JN639580J,NA,NA,NA,NA
Oxalis_sarmentosa,Nuernberg1849,OQ623654,NA,OR099859,NA,OR099882,NA,NA,NA,NA
Oxalis_caesariata,Fiaschi5273,PP175926,NA,PP179507,NA,PP179511,NA,NA,NA,NA
Oxalis_caesariata,Radavelli62,PP175925,NA,PP179506,NA,PP179510,NA,NA,NA,NA
Oxalis_densifolia,Cabral93,OQ310875,NA,OQ295996,NA,OQ296022,NA,NA,NA,NA
Oxalis_gardneriana,Scatigna1336,PQ847008,NA,PQ846555,NA,NA,NA,NA,NA,NA
Oxalis_veadeirosensis,Fiaschi5330,PQ847009,NA,PQ846557,NA,PQ846558,NA,NA,NA,NA
Oxalis_mandioccana,Richetti29,OQ310885,NA,OQ296006,NA,OQ296033,NA,NA,NA,NA
Oxalis_blackii,Costa115,MH705068,NA,MH705089,NA,MH705073,NA,NA,NA,NA
Oxalis_psoraleoides_subsp_insipida,CabralIS4,OR094469,NA,OR099857,NA,NA,NA,NA,NA,NA
Oxalis_grisea,Vaio512,KC602025,NA,KC602050,NA,KC602079,NA,NA,NA,NA
Oxalis_barrelieri,Vaio517,KC602027,NA,KC602052,NA,KC602081,NA,NA,NA,NA
Oxalis_cytisoides,Cabral139,OQ310874,NA,OQ295995,NA,OQ296021,NA,NA,NA,NA
Oxalis_hyalotricha_subsp_hyalotricha,Cabral170,OQ623647,NA,OR099849,NA,NA,NA,NA,NA,NA
Oxalis_pyrenea_var_macrochaeta,Cabral96,OQ623651,NA,OR099858,NA,OR099881,NA,NA,NA,NA
Oxalis_pyrenea_var_macrochaeta,Radavelli67,NA,NA,PP179508,NA,PP179512,NA,NA,NA,NA
Oxalis_pyrenea_var_pyrenea,Cabral103,NA,NA,OR099858,NA,OR099881,NA,NA,NA,NA
Oxalis_pyrenea_var_pyrenea,Sartor65,PP175927,NA,PP179509,NA,PP179513,NA,NA,NA,NA
Oxalis_sellowii,Cabral109,OQ623655,NA,OR099860,NA,OR099883,NA,NA,NA,NA
Oxalis_suborbiculata,Cabral111,OQ310896,NA,OQ296016,NA,OQ296044,NA,NA,NA,NA
